data;produto;canal;regiao;unidades_vendidas;preco_unitario;receita;custo_unitario;margem_abs;margem_pct;concorrente_principal;status;motivo_loss;elasticidade
30/01/2025;Neurovit-X;Farmácia;SP;236;95;22420;61,75;33,25;0,35;SanisMed;Ganha;;-1
09/01/2025;ImmuPro;Farmácia;SP;158;135;21330;87,75;47,25;0,35;NeoQuim;Ganha;;-1
02/01/2025;NexoMax;Clínica;MG;56;85;4760;55,25;29,75;0,35;SanisMed;Ganha;;-1
03/01/2025;Lifexin;Distribuidor;RS;29;78;2262;50,7;27,3;0,35;SanisMed;Ganha;;-1
29/01/2025;Neurovit-X;Distribuidor;SP;143;95;13585;61,75;33,25;0,35;SanisMed;Ganha;;-1
20/01/2025;Cardiolum;Clínica;RS;110;112;12320;72,8;39,2;0,35;FarmaLife;Ganha;;-1
02/01/2025;ImmuPro;Distribuidor;SP;202;135;27270;87,75;47,25;0,35;FarmaLife;Ganha;;-1
03/01/2025;NexoMax;Hospital;RS;270;85;22950;55,25;29,75;0,35;FarmaLife;Ganha;;-1
07/01/2025;Lifexin;Clínica;BA;29;78;2262;50,7;27,3;0,35;NeoQuim;Ganha;;-1
08/01/2025;ImmuPro;Farmácia;RJ;122;135;16470;87,75;47,25;0,35;SanisMed;Ganha;;-1
15/01/2025;Lifexin;Clínica;RJ;121;78;9438;50,7;27,3;0,35;NeoQuim;Ganha;;-1
22/01/2025;NexoMax;Clínica;RJ;73;85;6205;55,25;29,75;0,35;SanisMed;Ganha;;-1
09/01/2025;Cardiolum;Distribuidor;RS;65;112;7280;72,8;39,2;0,35;FarmaLife;Ganha;;-1
16/01/2025;NexoMax;Hospital;BA;139;85;11815;55,25;29,75;0,35;NeoQuim;Ganha;;-1
31/01/2025;Neurovit-X;Distribuidor;RS;205;95;19475;61,75;33,25;0,35;NeoQuim;Ganha;;-1
27/01/2025;Lifexin;Clínica;SP;196;78;15288;50,7;27,3;0,35;FarmaLife;Ganha;;-1
23/01/2025;Lifexin;Farmácia;MG;146;78;11388;50,7;27,3;0,35;SanisMed;Ganha;;-1
14/01/2025;Lifexin;Clínica;BA;255;78;19890;50,7;27,3;0,35;NeoQuim;Ganha;;-1
21/01/2025;NexoMax;Clínica;RJ;188;85;15980;55,25;29,75;0,35;FarmaLife;Ganha;;-1
12/01/2025;Cardiolum;Farmácia;RJ;51;112;5712;72,8;39,2;0,35;FarmaLife;Ganha;;-1
01/01/2025;Lifexin;Distribuidor;BA;189;78;14742;50,7;27,3;0,35;NeoQuim;Ganha;;-1
20/01/2025;NexoMax;Farmácia;BA;80;85;6800;55,25;29,75;0,35;FarmaLife;Ganha;;-1
26/01/2025;Neurovit-X;Farmácia;RS;90;95;8550;61,75;33,25;0,35;NeoQuim;Ganha;;-1
08/01/2025;Lifexin;Hospital;RS;120;78;9360;50,7;27,3;0,35;NeoQuim;Ganha;;-1
12/01/2025;Lifexin;Distribuidor;MG;106;78;8268;50,7;27,3;0,35;NeoQuim;Ganha;;-1
08/01/2025;Cardiolum;Clínica;RS;42;112;4704;72,8;39,2;0,35;FarmaLife;Ganha;;-1
27/01/2025;NexoMax;Farmácia;BA;244;85;20740;55,25;29,75;0,35;NeoQuim;Ganha;;-1
12/01/2025;Cardiolum;Farmácia;MG;204;112;22848;72,8;39,2;0,35;SanisMed;Ganha;;-1
06/01/2025;Neurovit-X;Distribuidor;BA;187;95;17765;61,75;33,25;0,35;FarmaLife;Ganha;;-1
01/01/2025;Cardiolum;Clínica;SP;40;112;4480;72,8;39,2;0,35;SanisMed;Ganha;;-1
31/01/2025;ImmuPro;Hospital;MG;262;135;35370;87,75;47,25;0,35;NeoQuim;Ganha;;-1
18/01/2025;ImmuPro;Distribuidor;RJ;16;135;2160;87,75;47,25;0,35;SanisMed;Ganha;;-1
30/01/2025;Cardiolum;Farmácia;RS;63;112;7056;72,8;39,2;0,35;SanisMed;Ganha;;-1
03/01/2025;Cardiolum;Clínica;RS;87;112;9744;72,8;39,2;0,35;FarmaLife;Ganha;;-1
29/01/2025;ImmuPro;Clínica;RJ;277;135;37395;87,75;47,25;0,35;SanisMed;Ganha;;-1
27/01/2025;NexoMax;Farmácia;MG;4;85;340;55,25;29,75;0,35;SanisMed;Ganha;;-1
05/01/2025;Cardiolum;Distribuidor;SP;43;112;4816;72,8;39,2;0,35;SanisMed;Ganha;;-1
10/01/2025;ImmuPro;Hospital;RS;0;135;0;87,75;47,25;0,35;SanisMed;Perdida;Serviço;-1
31/01/2025;Lifexin;Distribuidor;RJ;51;78;3978;50,7;27,3;0,35;SanisMed;Ganha;;-1
31/01/2025;ImmuPro;Hospital;RS;25;135;3375;87,75;47,25;0,35;NeoQuim;Ganha;;-1
29/01/2025;ImmuPro;Farmácia;SP;36;135;4860;87,75;47,25;0,35;NeoQuim;Ganha;;-1
15/01/2025;NexoMax;Distribuidor;SP;158;85;13430;55,25;29,75;0,35;NeoQuim;Ganha;;-1
24/01/2025;Cardiolum;Clínica;SP;262;112;29344;72,8;39,2;0,35;SanisMed;Ganha;;-1
26/01/2025;Cardiolum;Farmácia;RS;186;112;20832;72,8;39,2;0,35;SanisMed;Ganha;;-1
18/01/2025;Neurovit-X;Distribuidor;RS;200;95;19000;61,75;33,25;0,35;NeoQuim;Ganha;;-1
13/01/2025;Neurovit-X;Hospital;BA;258;95;24510;61,75;33,25;0,35;NeoQuim;Ganha;;-1
23/01/2025;NexoMax;Clínica;RJ;126;85;10710;55,25;29,75;0,35;NeoQuim;Ganha;;-1
27/01/2025;Neurovit-X;Hospital;MG;183;95;17385;61,75;33,25;0,35;FarmaLife;Ganha;;-1
01/01/2025;Cardiolum;Farmácia;RS;126;112;14112;72,8;39,2;0,35;NeoQuim;Ganha;;-1
06/01/2025;Lifexin;Distribuidor;SP;109;78;8502;50,7;27,3;0,35;FarmaLife;Ganha;;-1
27/01/2025;Cardiolum;Hospital;BA;245;112;27440;72,8;39,2;0,35;NeoQuim;Ganha;;-1
23/01/2025;Lifexin;Farmácia;MG;105;78;8190;50,7;27,3;0,35;NeoQuim;Ganha;;-1
02/01/2025;Neurovit-X;Clínica;MG;32;95;3040;61,75;33,25;0,35;FarmaLife;Ganha;;-1
13/01/2025;Cardiolum;Distribuidor;RS;27;112;3024;72,8;39,2;0,35;FarmaLife;Ganha;;-1
15/01/2025;ImmuPro;Hospital;MG;209;135;28215;87,75;47,25;0,35;NeoQuim;Ganha;;-1
13/01/2025;ImmuPro;Farmácia;MG;233;135;31455;87,75;47,25;0,35;NeoQuim;Ganha;;-1
28/01/2025;Cardiolum;Hospital;RJ;53;112;5936;72,8;39,2;0,35;SanisMed;Ganha;;-1
12/01/2025;Neurovit-X;Hospital;RS;61;95;5795;61,75;33,25;0,35;SanisMed;Ganha;;-1
25/01/2025;Lifexin;Farmácia;BA;8;78;624;50,7;27,3;0,35;SanisMed;Ganha;;-1
13/01/2025;Lifexin;Clínica;RJ;285;78;22230;50,7;27,3;0,35;FarmaLife;Ganha;;-1
04/01/2025;Cardiolum;Clínica;RS;82;112;9184;72,8;39,2;0,35;SanisMed;Ganha;;-1
18/01/2025;Cardiolum;Clínica;BA;69;112;7728;72,8;39,2;0,35;NeoQuim;Ganha;;-1
28/01/2025;Lifexin;Farmácia;RJ;298;78;23244;50,7;27,3;0,35;SanisMed;Ganha;;-1
18/01/2025;Neurovit-X;Hospital;BA;266;95;25270;61,75;33,25;0,35;NeoQuim;Ganha;;-1
15/01/2025;Neurovit-X;Clínica;RS;188;95;17860;61,75;33,25;0,35;FarmaLife;Ganha;;-1
20/01/2025;ImmuPro;Farmácia;RJ;231;135;31185;87,75;47,25;0,35;FarmaLife;Ganha;;-1
20/01/2025;Neurovit-X;Farmácia;MG;214;95;20330;61,75;33,25;0,35;FarmaLife;Ganha;;-1
11/01/2025;NexoMax;Clínica;SP;272;85;23120;55,25;29,75;0,35;NeoQuim;Ganha;;-1
26/01/2025;NexoMax;Hospital;MG;107;85;9095;55,25;29,75;0,35;NeoQuim;Ganha;;-1
30/01/2025;Cardiolum;Hospital;RJ;170;112;19040;72,8;39,2;0,35;NeoQuim;Ganha;;-1
25/01/2025;NexoMax;Distribuidor;BA;279;85;23715;55,25;29,75;0,35;FarmaLife;Ganha;;-1
16/01/2025;ImmuPro;Farmácia;SP;79;135;10665;87,75;47,25;0,35;FarmaLife;Ganha;;-1
28/01/2025;Lifexin;Hospital;MG;297;78;23166;50,7;27,3;0,35;FarmaLife;Ganha;;-1
14/01/2025;ImmuPro;Hospital;SP;208;135;28080;87,75;47,25;0,35;NeoQuim;Ganha;;-1
16/01/2025;Cardiolum;Clínica;RJ;225;112;25200;72,8;39,2;0,35;FarmaLife;Ganha;;-1
11/01/2025;Neurovit-X;Hospital;MG;294;95;27930;61,75;33,25;0,35;FarmaLife;Ganha;;-1
03/01/2025;NexoMax;Farmácia;BA;83;85;7055;55,25;29,75;0,35;SanisMed;Ganha;;-1
24/01/2025;NexoMax;Distribuidor;RJ;135;85;11475;55,25;29,75;0,35;FarmaLife;Ganha;;-1
23/01/2025;Neurovit-X;Clínica;RS;188;95;17860;61,75;33,25;0,35;NeoQuim;Ganha;;-1
08/01/2025;Cardiolum;Clínica;BA;19;112;2128;72,8;39,2;0,35;FarmaLife;Ganha;;-1
05/01/2025;Neurovit-X;Farmácia;RJ;158;95;15010;61,75;33,25;0,35;NeoQuim;Ganha;;-1
10/01/2025;ImmuPro;Hospital;MG;216;135;29160;87,75;47,25;0,35;FarmaLife;Ganha;;-1
05/01/2025;Cardiolum;Distribuidor;RJ;24;112;2688;72,8;39,2;0,35;SanisMed;Ganha;;-1
26/01/2025;Cardiolum;Distribuidor;RS;86;112;9632;72,8;39,2;0,35;NeoQuim;Ganha;;-1
09/01/2025;Cardiolum;Farmácia;MG;255;112;28560;72,8;39,2;0,35;FarmaLife;Ganha;;-1
20/01/2025;Cardiolum;Distribuidor;BA;140;112;15680;72,8;39,2;0,35;FarmaLife;Ganha;;-1
23/01/2025;Lifexin;Farmácia;RJ;112;78;8736;50,7;27,3;0,35;SanisMed;Ganha;;-1
26/01/2025;NexoMax;Distribuidor;RJ;51;85;4335;55,25;29,75;0,35;NeoQuim;Ganha;;-1
03/01/2025;NexoMax;Farmácia;MG;113;85;9605;55,25;29,75;0,35;FarmaLife;Ganha;;-1
30/01/2025;ImmuPro;Farmácia;RJ;269;135;36315;87,75;47,25;0,35;SanisMed;Ganha;;-1
17/01/2025;NexoMax;Distribuidor;MG;233;85;19805;55,25;29,75;0,35;FarmaLife;Ganha;;-1
30/01/2025;ImmuPro;Clínica;RS;9;135;1215;87,75;47,25;0,35;SanisMed;Ganha;;-1
11/01/2025;NexoMax;Hospital;SP;74;85;6290;55,25;29,75;0,35;FarmaLife;Ganha;;-1
19/01/2025;ImmuPro;Hospital;BA;56;135;7560;87,75;47,25;0,35;SanisMed;Ganha;;-1
05/01/2025;Cardiolum;Farmácia;RJ;20;112;2240;72,8;39,2;0,35;SanisMed;Ganha;;-1
03/01/2025;Lifexin;Hospital;BA;133;78;10374;50,7;27,3;0,35;SanisMed;Ganha;;-1
28/01/2025;Cardiolum;Clínica;RJ;201;112;22512;72,8;39,2;0,35;NeoQuim;Ganha;;-1
09/01/2025;Cardiolum;Distribuidor;SP;128;112;14336;72,8;39,2;0,35;SanisMed;Ganha;;-1
12/01/2025;Cardiolum;Farmácia;BA;27;112;3024;72,8;39,2;0,35;SanisMed;Ganha;;-1
05/01/2025;Neurovit-X;Distribuidor;BA;13;95;1235;61,75;33,25;0,35;FarmaLife;Ganha;;-1
16/01/2025;NexoMax;Clínica;RJ;139;85;11815;55,25;29,75;0,35;SanisMed;Ganha;;-1
09/01/2025;Neurovit-X;Hospital;MG;87;95;8265;61,75;33,25;0,35;FarmaLife;Ganha;;-1
10/01/2025;Neurovit-X;Clínica;RJ;165;95;15675;61,75;33,25;0,35;NeoQuim;Ganha;;-1
30/01/2025;NexoMax;Farmácia;SP;225;85;19125;55,25;29,75;0,35;NeoQuim;Ganha;;-1
15/01/2025;ImmuPro;Farmácia;RJ;27;135;3645;87,75;47,25;0,35;SanisMed;Ganha;;-1
21/01/2025;NexoMax;Hospital;SP;191;85;16235;55,25;29,75;0,35;FarmaLife;Ganha;;-1
19/01/2025;Cardiolum;Farmácia;SP;284;112;31808;72,8;39,2;0,35;SanisMed;Ganha;;-1
13/01/2025;Lifexin;Hospital;RS;6;78;468;50,7;27,3;0,35;SanisMed;Ganha;;-1
10/01/2025;Lifexin;Farmácia;RS;291;78;22698;50,7;27,3;0,35;FarmaLife;Ganha;;-1
02/01/2025;Lifexin;Farmácia;MG;183;78;14274;50,7;27,3;0,35;FarmaLife;Ganha;;-1
06/01/2025;NexoMax;Hospital;RS;53;85;4505;55,25;29,75;0,35;FarmaLife;Ganha;;-1
26/01/2025;Neurovit-X;Clínica;MG;64;95;6080;61,75;33,25;0,35;SanisMed;Ganha;;-1
28/01/2025;NexoMax;Farmácia;BA;174;85;14790;55,25;29,75;0,35;NeoQuim;Ganha;;-1
27/01/2025;Neurovit-X;Clínica;RS;55;95;5225;61,75;33,25;0,35;FarmaLife;Ganha;;-1
09/01/2025;Cardiolum;Clínica;RS;255;112;28560;72,8;39,2;0,35;SanisMed;Ganha;;-1
09/01/2025;NexoMax;Farmácia;SP;264;85;22440;55,25;29,75;0,35;FarmaLife;Ganha;;-1
03/01/2025;NexoMax;Clínica;SP;234;85;19890;55,25;29,75;0,35;SanisMed;Ganha;;-1
01/01/2025;NexoMax;Farmácia;RJ;125;85;10625;55,25;29,75;0,35;NeoQuim;Ganha;;-1
16/01/2025;Lifexin;Clínica;BA;294;78;22932;50,7;27,3;0,35;NeoQuim;Ganha;;-1
04/01/2025;Cardiolum;Hospital;SP;6;112;672;72,8;39,2;0,35;FarmaLife;Ganha;;-1
09/01/2025;NexoMax;Hospital;BA;7;85;595;55,25;29,75;0,35;NeoQuim;Ganha;;-1
04/01/2025;Cardiolum;Clínica;MG;92;112;10304;72,8;39,2;0,35;SanisMed;Ganha;;-1
29/01/2025;ImmuPro;Hospital;RJ;269;135;36315;87,75;47,25;0,35;FarmaLife;Ganha;;-1
15/01/2025;Lifexin;Hospital;SP;220;78;17160;50,7;27,3;0,35;NeoQuim;Ganha;;-1
02/01/2025;Neurovit-X;Distribuidor;BA;90;95;8550;61,75;33,25;0,35;NeoQuim;Ganha;;-1
13/01/2025;Cardiolum;Distribuidor;RJ;118;112;13216;72,8;39,2;0,35;NeoQuim;Ganha;;-1
08/01/2025;NexoMax;Farmácia;RJ;51;85;4335;55,25;29,75;0,35;FarmaLife;Ganha;;-1
07/01/2025;ImmuPro;Clínica;BA;184;135;24840;87,75;47,25;0,35;SanisMed;Ganha;;-1
26/01/2025;Cardiolum;Distribuidor;MG;275;112;30800;72,8;39,2;0,35;NeoQuim;Ganha;;-1
13/01/2025;Cardiolum;Clínica;BA;195;112;21840;72,8;39,2;0,35;NeoQuim;Ganha;;-1
23/01/2025;NexoMax;Clínica;MG;275;85;23375;55,25;29,75;0,35;FarmaLife;Ganha;;-1
04/01/2025;NexoMax;Hospital;SP;244;85;20740;55,25;29,75;0,35;NeoQuim;Ganha;;-1
13/01/2025;Neurovit-X;Clínica;RS;291;95;27645;61,75;33,25;0,35;FarmaLife;Ganha;;-1
21/01/2025;Lifexin;Farmácia;SP;118;78;9204;50,7;27,3;0,35;SanisMed;Ganha;;-1
20/01/2025;Neurovit-X;Distribuidor;MG;292;95;27740;61,75;33,25;0,35;SanisMed;Ganha;;-1
31/01/2025;Lifexin;Clínica;RJ;220;78;17160;50,7;27,3;0,35;NeoQuim;Ganha;;-1
12/01/2025;Lifexin;Clínica;RS;174;78;13572;50,7;27,3;0,35;FarmaLife;Ganha;;-1
09/01/2025;Cardiolum;Farmácia;RJ;11;112;1232;72,8;39,2;0,35;SanisMed;Ganha;;-1
25/01/2025;Neurovit-X;Farmácia;BA;62;95;5890;61,75;33,25;0,35;SanisMed;Ganha;;-1
11/01/2025;Lifexin;Farmácia;SP;18;78;1404;50,7;27,3;0,35;NeoQuim;Ganha;;-1
05/01/2025;ImmuPro;Farmácia;RS;207;135;27945;87,75;47,25;0,35;SanisMed;Ganha;;-1
25/01/2025;Neurovit-X;Farmácia;MG;191;95;18145;61,75;33,25;0,35;FarmaLife;Ganha;;-1
01/01/2025;NexoMax;Farmácia;RS;43;85;3655;55,25;29,75;0,35;SanisMed;Ganha;;-1
25/01/2025;NexoMax;Distribuidor;SP;263;85;22355;55,25;29,75;0,35;NeoQuim;Ganha;;-1
24/01/2025;NexoMax;Distribuidor;RS;118;85;10030;55,25;29,75;0,35;NeoQuim;Ganha;;-1
21/01/2025;ImmuPro;Distribuidor;RJ;17;135;2295;87,75;47,25;0,35;FarmaLife;Ganha;;-1
06/01/2025;Neurovit-X;Clínica;RS;24;95;2280;61,75;33,25;0,35;NeoQuim;Ganha;;-1
09/01/2025;Lifexin;Clínica;MG;128;78;9984;50,7;27,3;0,35;NeoQuim;Ganha;;-1
25/01/2025;Cardiolum;Distribuidor;SP;263;112;29456;72,8;39,2;0,35;NeoQuim;Ganha;;-1
02/01/2025;ImmuPro;Clínica;RS;133;135;17955;87,75;47,25;0,35;NeoQuim;Ganha;;-1
03/01/2025;NexoMax;Distribuidor;RJ;147;85;12495;55,25;29,75;0,35;SanisMed;Ganha;;-1
08/01/2025;Lifexin;Clínica;RS;13;78;1014;50,7;27,3;0,35;NeoQuim;Ganha;;-1
28/01/2025;NexoMax;Clínica;SP;55;85;4675;55,25;29,75;0,35;SanisMed;Ganha;;-1
25/01/2025;Cardiolum;Hospital;SP;94;112;10528;72,8;39,2;0,35;NeoQuim;Ganha;;-1
08/01/2025;ImmuPro;Clínica;BA;278;135;37530;87,75;47,25;0,35;NeoQuim;Ganha;;-1
18/01/2025;Neurovit-X;Distribuidor;RJ;115;95;10925;61,75;33,25;0,35;NeoQuim;Ganha;;-1
13/01/2025;Cardiolum;Farmácia;BA;237;112;26544;72,8;39,2;0,35;FarmaLife;Ganha;;-1
27/01/2025;ImmuPro;Distribuidor;RJ;150;135;20250;87,75;47,25;0,35;NeoQuim;Ganha;;-1
05/01/2025;Cardiolum;Hospital;RS;69;112;7728;72,8;39,2;0,35;SanisMed;Ganha;;-1
18/01/2025;NexoMax;Distribuidor;RJ;3;85;255;55,25;29,75;0,35;FarmaLife;Ganha;;-1
02/01/2025;NexoMax;Clínica;RS;22;85;1870;55,25;29,75;0,35;FarmaLife;Ganha;;-1
20/01/2025;NexoMax;Hospital;BA;127;85;10795;55,25;29,75;0,35;FarmaLife;Ganha;;-1
30/01/2025;Neurovit-X;Clínica;RS;212;95;20140;61,75;33,25;0,35;NeoQuim;Ganha;;-1
17/01/2025;ImmuPro;Distribuidor;SP;98;135;13230;87,75;47,25;0,35;SanisMed;Ganha;;-1
15/01/2025;Neurovit-X;Distribuidor;RS;133;95;12635;61,75;33,25;0,35;FarmaLife;Ganha;;-1
26/01/2025;Lifexin;Hospital;RS;183;78;14274;50,7;27,3;0,35;NeoQuim;Ganha;;-1
29/01/2025;ImmuPro;Hospital;BA;7;135;945;87,75;47,25;0,35;FarmaLife;Ganha;;-1
25/01/2025;NexoMax;Hospital;BA;163;85;13855;55,25;29,75;0,35;NeoQuim;Ganha;;-1
22/01/2025;NexoMax;Farmácia;RS;217;85;18445;55,25;29,75;0,35;NeoQuim;Ganha;;-1
17/01/2025;NexoMax;Distribuidor;RJ;16;85;1360;55,25;29,75;0,35;FarmaLife;Ganha;;-1
30/01/2025;Cardiolum;Farmácia;RS;84;112;9408;72,8;39,2;0,35;NeoQuim;Ganha;;-1
05/01/2025;Cardiolum;Distribuidor;RJ;164;112;18368;72,8;39,2;0,35;FarmaLife;Ganha;;-1
19/01/2025;Lifexin;Hospital;BA;14;78;1092;50,7;27,3;0,35;FarmaLife;Ganha;;-1
02/01/2025;Neurovit-X;Clínica;RS;177;95;16815;61,75;33,25;0,35;SanisMed;Ganha;;-1
01/01/2025;Lifexin;Distribuidor;RS;272;78;21216;50,7;27,3;0,35;NeoQuim;Ganha;;-1
23/01/2025;Lifexin;Farmácia;RS;113;78;8814;50,7;27,3;0,35;FarmaLife;Ganha;;-1
22/01/2025;NexoMax;Farmácia;RS;69;85;5865;55,25;29,75;0,35;NeoQuim;Ganha;;-1
15/01/2025;NexoMax;Distribuidor;BA;181;85;15385;55,25;29,75;0,35;FarmaLife;Ganha;;-1
28/01/2025;Lifexin;Hospital;BA;279;78;21762;50,7;27,3;0,35;SanisMed;Ganha;;-1
03/01/2025;NexoMax;Distribuidor;RJ;172;85;14620;55,25;29,75;0,35;FarmaLife;Ganha;;-1
22/01/2025;NexoMax;Hospital;BA;65;85;5525;55,25;29,75;0,35;NeoQuim;Ganha;;-1
19/01/2025;ImmuPro;Clínica;MG;87;135;11745;87,75;47,25;0,35;NeoQuim;Ganha;;-1
14/01/2025;Cardiolum;Farmácia;SP;108;112;12096;72,8;39,2;0,35;FarmaLife;Ganha;;-1
10/01/2025;Neurovit-X;Distribuidor;MG;238;95;22610;61,75;33,25;0,35;SanisMed;Ganha;;-1
12/01/2025;NexoMax;Farmácia;RJ;135;85;11475;55,25;29,75;0,35;SanisMed;Ganha;;-1
03/01/2025;Neurovit-X;Clínica;RJ;258;95;24510;61,75;33,25;0,35;FarmaLife;Ganha;;-1
07/01/2025;NexoMax;Hospital;RJ;55;85;4675;55,25;29,75;0,35;NeoQuim;Ganha;;-1
22/01/2025;Cardiolum;Distribuidor;RS;148;112;16576;72,8;39,2;0,35;FarmaLife;Ganha;;-1
31/01/2025;NexoMax;Hospital;RS;299;85;25415;55,25;29,75;0,35;NeoQuim;Ganha;;-1
25/01/2025;ImmuPro;Farmácia;RS;4;135;540;87,75;47,25;0,35;FarmaLife;Ganha;;-1
22/01/2025;Neurovit-X;Hospital;RJ;197;95;18715;61,75;33,25;0,35;NeoQuim;Ganha;;-1
01/01/2025;Cardiolum;Farmácia;BA;98;112;10976;72,8;39,2;0,35;NeoQuim;Ganha;;-1
10/01/2025;Lifexin;Clínica;MG;245;78;19110;50,7;27,3;0,35;SanisMed;Ganha;;-1
01/01/2025;NexoMax;Clínica;MG;148;85;12580;55,25;29,75;0,35;FarmaLife;Ganha;;-1
27/01/2025;Neurovit-X;Farmácia;MG;272;95;25840;61,75;33,25;0,35;NeoQuim;Ganha;;-1
04/01/2025;Cardiolum;Distribuidor;SP;71;112;7952;72,8;39,2;0,35;FarmaLife;Ganha;;-1
31/01/2025;Cardiolum;Hospital;BA;5;112;560;72,8;39,2;0,35;SanisMed;Ganha;;-1
10/01/2025;Neurovit-X;Distribuidor;SP;231;95;21945;61,75;33,25;0,35;NeoQuim;Ganha;;-1
11/01/2025;Cardiolum;Hospital;RS;63;112;7056;72,8;39,2;0,35;FarmaLife;Ganha;;-1
25/01/2025;Cardiolum;Clínica;BA;54;112;6048;72,8;39,2;0,35;SanisMed;Ganha;;-1
24/01/2025;NexoMax;Clínica;SP;71;85;6035;55,25;29,75;0,35;SanisMed;Ganha;;-1
26/01/2025;NexoMax;Clínica;BA;214;85;18190;55,25;29,75;0,35;SanisMed;Ganha;;-1
22/01/2025;Lifexin;Clínica;MG;10;78;780;50,7;27,3;0,35;FarmaLife;Ganha;;-1
20/01/2025;Neurovit-X;Distribuidor;BA;293;95;27835;61,75;33,25;0,35;NeoQuim;Ganha;;-1
03/01/2025;Neurovit-X;Clínica;RJ;17;95;1615;61,75;33,25;0,35;SanisMed;Ganha;;-1
15/01/2025;Lifexin;Distribuidor;BA;239;78;18642;50,7;27,3;0,35;NeoQuim;Ganha;;-1
22/01/2025;NexoMax;Clínica;BA;108;85;9180;55,25;29,75;0,35;FarmaLife;Ganha;;-1
08/01/2025;Neurovit-X;Clínica;RS;113;95;10735;61,75;33,25;0,35;SanisMed;Ganha;;-1
30/01/2025;Neurovit-X;Clínica;MG;75;95;7125;61,75;33,25;0,35;FarmaLife;Ganha;;-1
03/01/2025;NexoMax;Farmácia;BA;41;85;3485;55,25;29,75;0,35;FarmaLife;Ganha;;-1
10/01/2025;NexoMax;Clínica;RJ;99;85;8415;55,25;29,75;0,35;NeoQuim;Ganha;;-1
20/01/2025;Cardiolum;Distribuidor;RS;96;112;10752;72,8;39,2;0,35;FarmaLife;Ganha;;-1
14/01/2025;NexoMax;Clínica;BA;123;85;10455;55,25;29,75;0,35;NeoQuim;Ganha;;-1
06/01/2025;Cardiolum;Hospital;RJ;21;112;2352;72,8;39,2;0,35;FarmaLife;Ganha;;-1
30/01/2025;Neurovit-X;Hospital;RS;300;95;28500;61,75;33,25;0,35;FarmaLife;Ganha;;-1
14/01/2025;Neurovit-X;Distribuidor;MG;53;95;5035;61,75;33,25;0,35;FarmaLife;Ganha;;-1
30/01/2025;Cardiolum;Distribuidor;MG;171;112;19152;72,8;39,2;0,35;NeoQuim;Ganha;;-1
04/01/2025;Cardiolum;Clínica;BA;57;112;6384;72,8;39,2;0,35;FarmaLife;Ganha;;-1
07/01/2025;Lifexin;Farmácia;RS;105;78;8190;50,7;27,3;0,35;SanisMed;Ganha;;-1
18/01/2025;ImmuPro;Hospital;RJ;197;135;26595;87,75;47,25;0,35;FarmaLife;Ganha;;-1
31/01/2025;Lifexin;Farmácia;SP;20;78;1560;50,7;27,3;0,35;SanisMed;Ganha;;-1
31/01/2025;Cardiolum;Distribuidor;SP;216;112;24192;72,8;39,2;0,35;FarmaLife;Ganha;;-1
09/01/2025;Neurovit-X;Hospital;RJ;260;95;24700;61,75;33,25;0,35;SanisMed;Ganha;;-1
18/01/2025;Neurovit-X;Hospital;SP;250;95;23750;61,75;33,25;0,35;NeoQuim;Ganha;;-1
29/01/2025;ImmuPro;Hospital;SP;228;135;30780;87,75;47,25;0,35;FarmaLife;Ganha;;-1
21/01/2025;Neurovit-X;Distribuidor;RS;102;95;9690;61,75;33,25;0,35;SanisMed;Ganha;;-1
08/01/2025;Lifexin;Farmácia;RS;226;78;17628;50,7;27,3;0,35;SanisMed;Ganha;;-1
31/01/2025;Lifexin;Clínica;BA;217;78;16926;50,7;27,3;0,35;FarmaLife;Ganha;;-1
15/01/2025;Neurovit-X;Clínica;BA;122;95;11590;61,75;33,25;0,35;FarmaLife;Ganha;;-1
07/01/2025;Neurovit-X;Clínica;MG;10;95;950;61,75;33,25;0,35;SanisMed;Ganha;;-1
21/01/2025;Neurovit-X;Hospital;RJ;140;95;13300;61,75;33,25;0,35;SanisMed;Ganha;;-1
04/01/2025;ImmuPro;Clínica;MG;212;135;28620;87,75;47,25;0,35;FarmaLife;Ganha;;-1
21/01/2025;Cardiolum;Clínica;RJ;262;112;29344;72,8;39,2;0,35;SanisMed;Ganha;;-1
15/01/2025;NexoMax;Farmácia;MG;76;85;6460;55,25;29,75;0,35;FarmaLife;Ganha;;-1
29/01/2025;Cardiolum;Farmácia;BA;187;112;20944;72,8;39,2;0,35;FarmaLife;Ganha;;-1
07/01/2025;NexoMax;Clínica;RS;256;85;21760;55,25;29,75;0,35;FarmaLife;Ganha;;-1
16/01/2025;Cardiolum;Distribuidor;RS;159;112;17808;72,8;39,2;0,35;SanisMed;Ganha;;-1
24/01/2025;Neurovit-X;Farmácia;MG;255;95;24225;61,75;33,25;0,35;FarmaLife;Ganha;;-1
08/01/2025;NexoMax;Hospital;RS;63;85;5355;55,25;29,75;0,35;NeoQuim;Ganha;;-1
09/01/2025;Cardiolum;Hospital;RJ;89;112;9968;72,8;39,2;0,35;SanisMed;Ganha;;-1
12/01/2025;NexoMax;Distribuidor;SP;21;85;1785;55,25;29,75;0,35;FarmaLife;Ganha;;-1
16/01/2025;Neurovit-X;Clínica;RJ;152;95;14440;61,75;33,25;0,35;SanisMed;Ganha;;-1
25/01/2025;NexoMax;Clínica;BA;258;85;21930;55,25;29,75;0,35;SanisMed;Ganha;;-1
03/01/2025;Cardiolum;Farmácia;RJ;95;112;10640;72,8;39,2;0,35;SanisMed;Ganha;;-1
11/01/2025;ImmuPro;Farmácia;RS;167;135;22545;87,75;47,25;0,35;SanisMed;Ganha;;-1
25/01/2025;ImmuPro;Clínica;RJ;195;135;26325;87,75;47,25;0,35;SanisMed;Ganha;;-1
18/01/2025;ImmuPro;Distribuidor;RJ;88;135;11880;87,75;47,25;0,35;FarmaLife;Ganha;;-1
05/01/2025;Cardiolum;Distribuidor;RS;105;112;11760;72,8;39,2;0,35;NeoQuim;Ganha;;-1
03/01/2025;Cardiolum;Distribuidor;BA;130;112;14560;72,8;39,2;0,35;NeoQuim;Ganha;;-1
14/01/2025;Neurovit-X;Distribuidor;MG;218;95;20710;61,75;33,25;0,35;FarmaLife;Ganha;;-1
29/01/2025;Lifexin;Farmácia;RS;94;78;7332;50,7;27,3;0,35;FarmaLife;Ganha;;-1
22/01/2025;Cardiolum;Farmácia;MG;149;112;16688;72,8;39,2;0,35;FarmaLife;Ganha;;-1
22/01/2025;NexoMax;Distribuidor;SP;251;85;21335;55,25;29,75;0,35;NeoQuim;Ganha;;-1
03/01/2025;NexoMax;Clínica;RJ;30;85;2550;55,25;29,75;0,35;SanisMed;Ganha;;-1
19/01/2025;Neurovit-X;Clínica;RJ;295;95;28025;61,75;33,25;0,35;FarmaLife;Ganha;;-1
07/01/2025;NexoMax;Distribuidor;MG;104;85;8840;55,25;29,75;0,35;SanisMed;Ganha;;-1
17/01/2025;Lifexin;Clínica;RS;34;78;2652;50,7;27,3;0,35;NeoQuim;Ganha;;-1
24/01/2025;NexoMax;Distribuidor;BA;108;85;9180;55,25;29,75;0,35;FarmaLife;Ganha;;-1
22/01/2025;Lifexin;Farmácia;RS;232;78;18096;50,7;27,3;0,35;SanisMed;Ganha;;-1
16/01/2025;Lifexin;Hospital;BA;167;78;13026;50,7;27,3;0,35;FarmaLife;Ganha;;-1
07/01/2025;Lifexin;Farmácia;MG;229;78;17862;50,7;27,3;0,35;SanisMed;Ganha;;-1
21/01/2025;Neurovit-X;Distribuidor;RJ;60;95;5700;61,75;33,25;0,35;SanisMed;Ganha;;-1
01/01/2025;Neurovit-X;Farmácia;RJ;286;95;27170;61,75;33,25;0,35;NeoQuim;Ganha;;-1
19/01/2025;NexoMax;Distribuidor;RJ;110;85;9350;55,25;29,75;0,35;SanisMed;Ganha;;-1
25/01/2025;Lifexin;Hospital;MG;51;78;3978;50,7;27,3;0,35;FarmaLife;Ganha;;-1
28/01/2025;Neurovit-X;Distribuidor;RS;48;95;4560;61,75;33,25;0,35;FarmaLife;Ganha;;-1
10/01/2025;NexoMax;Clínica;BA;129;85;10965;55,25;29,75;0,35;NeoQuim;Ganha;;-1
20/01/2025;ImmuPro;Hospital;SP;44;135;5940;87,75;47,25;0,35;NeoQuim;Ganha;;-1
03/01/2025;NexoMax;Clínica;RS;261;85;22185;55,25;29,75;0,35;NeoQuim;Ganha;;-1
26/01/2025;ImmuPro;Farmácia;RJ;87;135;11745;87,75;47,25;0,35;NeoQuim;Ganha;;-1
10/01/2025;NexoMax;Distribuidor;RJ;165;85;14025;55,25;29,75;0,35;NeoQuim;Ganha;;-1
24/01/2025;Cardiolum;Hospital;MG;298;112;33376;72,8;39,2;0,35;FarmaLife;Ganha;;-1
13/01/2025;Lifexin;Clínica;MG;102;78;7956;50,7;27,3;0,35;NeoQuim;Ganha;;-1
13/01/2025;ImmuPro;Farmácia;RS;226;135;30510;87,75;47,25;0,35;FarmaLife;Ganha;;-1
20/01/2025;Neurovit-X;Clínica;RS;58;95;5510;61,75;33,25;0,35;NeoQuim;Ganha;;-1
28/01/2025;Cardiolum;Hospital;RJ;221;112;24752;72,8;39,2;0,35;NeoQuim;Ganha;;-1
10/01/2025;Lifexin;Distribuidor;SP;112;78;8736;50,7;27,3;0,35;SanisMed;Ganha;;-1
15/01/2025;Cardiolum;Clínica;RS;253;112;28336;72,8;39,2;0,35;SanisMed;Ganha;;-1
24/01/2025;NexoMax;Farmácia;BA;27;85;2295;55,25;29,75;0,35;FarmaLife;Ganha;;-1
27/01/2025;Lifexin;Hospital;BA;199;78;15522;50,7;27,3;0,35;SanisMed;Ganha;;-1
27/01/2025;ImmuPro;Hospital;RS;59;135;7965;87,75;47,25;0,35;FarmaLife;Ganha;;-1
08/01/2025;ImmuPro;Distribuidor;SP;47;135;6345;87,75;47,25;0,35;FarmaLife;Ganha;;-1
30/01/2025;Cardiolum;Hospital;RS;149;112;16688;72,8;39,2;0,35;NeoQuim;Ganha;;-1
26/01/2025;Cardiolum;Farmácia;MG;237;112;26544;72,8;39,2;0,35;SanisMed;Ganha;;-1
24/01/2025;Cardiolum;Hospital;SP;265;112;29680;72,8;39,2;0,35;FarmaLife;Ganha;;-1
06/01/2025;NexoMax;Farmácia;RJ;17;85;1445;55,25;29,75;0,35;FarmaLife;Ganha;;-1
02/01/2025;ImmuPro;Clínica;SP;212;135;28620;87,75;47,25;0,35;SanisMed;Ganha;;-1
11/01/2025;ImmuPro;Distribuidor;RJ;199;135;26865;87,75;47,25;0,35;SanisMed;Ganha;;-1
19/01/2025;Neurovit-X;Hospital;BA;10;95;950;61,75;33,25;0,35;SanisMed;Ganha;;-1
24/01/2025;Cardiolum;Distribuidor;MG;47;112;5264;72,8;39,2;0,35;SanisMed;Ganha;;-1
08/01/2025;Cardiolum;Clínica;RJ;164;112;18368;72,8;39,2;0,35;FarmaLife;Ganha;;-1
26/01/2025;Cardiolum;Distribuidor;BA;31;112;3472;72,8;39,2;0,35;FarmaLife;Ganha;;-1
05/01/2025;NexoMax;Distribuidor;BA;272;85;23120;55,25;29,75;0,35;FarmaLife;Ganha;;-1
03/01/2025;ImmuPro;Distribuidor;RS;45;135;6075;87,75;47,25;0,35;NeoQuim;Ganha;;-1
29/01/2025;NexoMax;Farmácia;BA;141;85;11985;55,25;29,75;0,35;FarmaLife;Ganha;;-1
27/01/2025;Cardiolum;Distribuidor;RS;224;112;25088;72,8;39,2;0,35;NeoQuim;Ganha;;-1
27/01/2025;ImmuPro;Clínica;RJ;37;135;4995;87,75;47,25;0,35;FarmaLife;Ganha;;-1
25/01/2025;ImmuPro;Farmácia;RJ;120;135;16200;87,75;47,25;0,35;FarmaLife;Ganha;;-1
16/01/2025;ImmuPro;Distribuidor;RS;93;135;12555;87,75;47,25;0,35;NeoQuim;Ganha;;-1
12/01/2025;NexoMax;Hospital;SP;185;85;15725;55,25;29,75;0,35;NeoQuim;Ganha;;-1
03/01/2025;Cardiolum;Distribuidor;BA;142;112;15904;72,8;39,2;0,35;NeoQuim;Ganha;;-1
11/01/2025;Neurovit-X;Farmácia;BA;168;95;15960;61,75;33,25;0,35;SanisMed;Ganha;;-1
13/01/2025;Neurovit-X;Distribuidor;RJ;104;95;9880;61,75;33,25;0,35;SanisMed;Ganha;;-1
19/01/2025;Lifexin;Distribuidor;MG;253;78;19734;50,7;27,3;0,35;FarmaLife;Ganha;;-1
13/01/2025;Cardiolum;Distribuidor;RJ;2;112;224;72,8;39,2;0,35;NeoQuim;Ganha;;-1
03/01/2025;Neurovit-X;Distribuidor;BA;297;95;28215;61,75;33,25;0,35;FarmaLife;Ganha;;-1
17/01/2025;Lifexin;Distribuidor;BA;59;78;4602;50,7;27,3;0,35;FarmaLife;Ganha;;-1
09/01/2025;Lifexin;Clínica;RJ;110;78;8580;50,7;27,3;0,35;NeoQuim;Ganha;;-1
19/01/2025;Lifexin;Farmácia;MG;206;78;16068;50,7;27,3;0,35;SanisMed;Ganha;;-1
19/01/2025;Neurovit-X;Hospital;RS;133;95;12635;61,75;33,25;0,35;SanisMed;Ganha;;-1
31/01/2025;NexoMax;Distribuidor;RJ;166;85;14110;55,25;29,75;0,35;SanisMed;Ganha;;-1
09/01/2025;Neurovit-X;Farmácia;SP;32;95;3040;61,75;33,25;0,35;SanisMed;Ganha;;-1
13/01/2025;Cardiolum;Hospital;RS;68;112;7616;72,8;39,2;0,35;SanisMed;Ganha;;-1
07/01/2025;NexoMax;Clínica;SP;114;85;9690;55,25;29,75;0,35;FarmaLife;Ganha;;-1
17/01/2025;Neurovit-X;Clínica;RJ;272;95;25840;61,75;33,25;0,35;SanisMed;Ganha;;-1
11/01/2025;Neurovit-X;Farmácia;MG;53;95;5035;61,75;33,25;0,35;NeoQuim;Ganha;;-1
29/01/2025;Cardiolum;Farmácia;RS;236;112;26432;72,8;39,2;0,35;FarmaLife;Ganha;;-1
07/01/2025;ImmuPro;Hospital;RJ;50;135;6750;87,75;47,25;0,35;SanisMed;Ganha;;-1
08/01/2025;Lifexin;Hospital;RJ;100;78;7800;50,7;27,3;0,35;FarmaLife;Ganha;;-1
31/01/2025;NexoMax;Clínica;SP;257;85;21845;55,25;29,75;0,35;SanisMed;Ganha;;-1
12/01/2025;ImmuPro;Hospital;SP;179;135;24165;87,75;47,25;0,35;NeoQuim;Ganha;;-1
27/01/2025;NexoMax;Distribuidor;BA;264;85;22440;55,25;29,75;0,35;NeoQuim;Ganha;;-1
20/01/2025;Lifexin;Clínica;BA;27;78;2106;50,7;27,3;0,35;NeoQuim;Ganha;;-1
03/01/2025;Cardiolum;Clínica;SP;235;112;26320;72,8;39,2;0,35;FarmaLife;Ganha;;-1
29/01/2025;NexoMax;Clínica;MG;169;85;14365;55,25;29,75;0,35;FarmaLife;Ganha;;-1
20/01/2025;Lifexin;Hospital;RJ;291;78;22698;50,7;27,3;0,35;NeoQuim;Ganha;;-1
02/01/2025;Lifexin;Farmácia;BA;249;78;19422;50,7;27,3;0,35;SanisMed;Ganha;;-1
28/01/2025;Lifexin;Farmácia;BA;220;78;17160;50,7;27,3;0,35;NeoQuim;Ganha;;-1
09/01/2025;NexoMax;Farmácia;RJ;40;85;3400;55,25;29,75;0,35;SanisMed;Ganha;;-1
15/01/2025;NexoMax;Distribuidor;RS;53;85;4505;55,25;29,75;0,35;NeoQuim;Ganha;;-1
20/01/2025;Cardiolum;Farmácia;MG;107;112;11984;72,8;39,2;0,35;SanisMed;Ganha;;-1
05/01/2025;NexoMax;Clínica;BA;74;85;6290;55,25;29,75;0,35;NeoQuim;Ganha;;-1
06/01/2025;Cardiolum;Farmácia;RJ;83;112;9296;72,8;39,2;0,35;FarmaLife;Ganha;;-1
12/01/2025;ImmuPro;Distribuidor;MG;142;135;19170;87,75;47,25;0,35;FarmaLife;Ganha;;-1
11/01/2025;Lifexin;Distribuidor;RS;90;78;7020;50,7;27,3;0,35;NeoQuim;Ganha;;-1
28/01/2025;Neurovit-X;Clínica;MG;125;95;11875;61,75;33,25;0,35;SanisMed;Ganha;;-1
16/01/2025;ImmuPro;Hospital;BA;264;135;35640;87,75;47,25;0,35;NeoQuim;Ganha;;-1
08/01/2025;Neurovit-X;Farmácia;MG;42;95;3990;61,75;33,25;0,35;FarmaLife;Ganha;;-1
17/01/2025;Lifexin;Clínica;SP;0;78;0;50,7;27,3;0,35;FarmaLife;Perdida;Prazo;-1
10/01/2025;ImmuPro;Farmácia;RJ;160;135;21600;87,75;47,25;0,35;SanisMed;Ganha;;-1
05/01/2025;Cardiolum;Distribuidor;BA;203;112;22736;72,8;39,2;0,35;NeoQuim;Ganha;;-1
24/01/2025;NexoMax;Hospital;RJ;189;85;16065;55,25;29,75;0,35;FarmaLife;Ganha;;-1
07/01/2025;Lifexin;Hospital;RS;88;78;6864;50,7;27,3;0,35;NeoQuim;Ganha;;-1
27/01/2025;ImmuPro;Hospital;BA;149;135;20115;87,75;47,25;0,35;NeoQuim;Ganha;;-1
23/01/2025;Neurovit-X;Farmácia;SP;132;95;12540;61,75;33,25;0,35;NeoQuim;Ganha;;-1
20/01/2025;Neurovit-X;Hospital;RJ;92;95;8740;61,75;33,25;0,35;NeoQuim;Ganha;;-1
09/01/2025;ImmuPro;Farmácia;SP;230;135;31050;87,75;47,25;0,35;SanisMed;Ganha;;-1
09/01/2025;Neurovit-X;Hospital;RJ;288;95;27360;61,75;33,25;0,35;FarmaLife;Ganha;;-1
13/01/2025;Neurovit-X;Hospital;SP;270;95;25650;61,75;33,25;0,35;NeoQuim;Ganha;;-1
03/01/2025;NexoMax;Distribuidor;MG;120;85;10200;55,25;29,75;0,35;FarmaLife;Ganha;;-1
03/01/2025;Lifexin;Hospital;BA;173;78;13494;50,7;27,3;0,35;FarmaLife;Ganha;;-1
30/01/2025;NexoMax;Distribuidor;SP;35;85;2975;55,25;29,75;0,35;SanisMed;Ganha;;-1
15/01/2025;ImmuPro;Clínica;RJ;66;135;8910;87,75;47,25;0,35;FarmaLife;Ganha;;-1
28/01/2025;NexoMax;Clínica;RS;169;85;14365;55,25;29,75;0,35;FarmaLife;Ganha;;-1
29/01/2025;Cardiolum;Clínica;RJ;14;112;1568;72,8;39,2;0,35;FarmaLife;Ganha;;-1
11/01/2025;NexoMax;Clínica;MG;7;85;595;55,25;29,75;0,35;NeoQuim;Ganha;;-1
17/01/2025;ImmuPro;Distribuidor;BA;146;135;19710;87,75;47,25;0,35;SanisMed;Ganha;;-1
06/01/2025;NexoMax;Hospital;SP;21;85;1785;55,25;29,75;0,35;NeoQuim;Ganha;;-1
31/01/2025;ImmuPro;Distribuidor;RJ;54;135;7290;87,75;47,25;0,35;NeoQuim;Ganha;;-1
03/01/2025;ImmuPro;Clínica;SP;216;135;29160;87,75;47,25;0,35;FarmaLife;Ganha;;-1
02/01/2025;Lifexin;Hospital;MG;98;78;7644;50,7;27,3;0,35;NeoQuim;Ganha;;-1
24/01/2025;NexoMax;Clínica;RS;198;85;16830;55,25;29,75;0,35;NeoQuim;Ganha;;-1
27/01/2025;ImmuPro;Farmácia;BA;74;135;9990;87,75;47,25;0,35;FarmaLife;Ganha;;-1
07/01/2025;ImmuPro;Hospital;MG;286;135;38610;87,75;47,25;0,35;FarmaLife;Ganha;;-1
14/01/2025;Cardiolum;Farmácia;SP;70;112;7840;72,8;39,2;0,35;FarmaLife;Ganha;;-1
10/01/2025;ImmuPro;Hospital;RJ;35;135;4725;87,75;47,25;0,35;FarmaLife;Ganha;;-1
08/01/2025;Cardiolum;Distribuidor;MG;101;112;11312;72,8;39,2;0,35;NeoQuim;Ganha;;-1
05/01/2025;NexoMax;Clínica;RJ;282;85;23970;55,25;29,75;0,35;FarmaLife;Ganha;;-1
31/01/2025;ImmuPro;Farmácia;MG;138;135;18630;87,75;47,25;0,35;SanisMed;Ganha;;-1
17/01/2025;ImmuPro;Hospital;SP;209;135;28215;87,75;47,25;0,35;NeoQuim;Ganha;;-1
04/01/2025;Cardiolum;Farmácia;MG;61;112;6832;72,8;39,2;0,35;FarmaLife;Ganha;;-1
07/01/2025;Cardiolum;Clínica;MG;134;112;15008;72,8;39,2;0,35;FarmaLife;Ganha;;-1
05/01/2025;Lifexin;Hospital;SP;110;78;8580;50,7;27,3;0,35;NeoQuim;Ganha;;-1
30/01/2025;Lifexin;Farmácia;MG;17;78;1326;50,7;27,3;0,35;SanisMed;Ganha;;-1
21/01/2025;Neurovit-X;Distribuidor;RJ;59;95;5605;61,75;33,25;0,35;NeoQuim;Ganha;;-1
14/01/2025;ImmuPro;Hospital;SP;189;135;25515;87,75;47,25;0,35;FarmaLife;Ganha;;-1
20/01/2025;Cardiolum;Clínica;RS;213;112;23856;72,8;39,2;0,35;NeoQuim;Ganha;;-1
04/01/2025;Cardiolum;Distribuidor;RS;183;112;20496;72,8;39,2;0,35;NeoQuim;Ganha;;-1
05/01/2025;Cardiolum;Distribuidor;RJ;232;112;25984;72,8;39,2;0,35;FarmaLife;Ganha;;-1
28/01/2025;ImmuPro;Distribuidor;RJ;39;135;5265;87,75;47,25;0,35;FarmaLife;Ganha;;-1
17/01/2025;Cardiolum;Clínica;RS;93;112;10416;72,8;39,2;0,35;FarmaLife;Ganha;;-1
14/01/2025;Lifexin;Hospital;SP;165;78;12870;50,7;27,3;0,35;SanisMed;Ganha;;-1
08/01/2025;Cardiolum;Clínica;RS;228;112;25536;72,8;39,2;0,35;SanisMed;Ganha;;-1
30/01/2025;Lifexin;Hospital;MG;52;78;4056;50,7;27,3;0,35;FarmaLife;Ganha;;-1
30/01/2025;NexoMax;Farmácia;SP;17;85;1445;55,25;29,75;0,35;FarmaLife;Ganha;;-1
01/01/2025;ImmuPro;Clínica;RS;168;135;22680;87,75;47,25;0,35;NeoQuim;Ganha;;-1
18/01/2025;Neurovit-X;Hospital;SP;260;95;24700;61,75;33,25;0,35;NeoQuim;Ganha;;-1
14/01/2025;NexoMax;Clínica;RJ;221;85;18785;55,25;29,75;0,35;FarmaLife;Ganha;;-1
16/01/2025;ImmuPro;Clínica;RJ;98;135;13230;87,75;47,25;0,35;NeoQuim;Ganha;;-1
07/01/2025;Neurovit-X;Distribuidor;RJ;129;95;12255;61,75;33,25;0,35;FarmaLife;Ganha;;-1
28/01/2025;ImmuPro;Hospital;MG;50;135;6750;87,75;47,25;0,35;SanisMed;Ganha;;-1
28/01/2025;Lifexin;Hospital;MG;168;78;13104;50,7;27,3;0,35;SanisMed;Ganha;;-1
14/01/2025;NexoMax;Farmácia;SP;204;85;17340;55,25;29,75;0,35;NeoQuim;Ganha;;-1
06/01/2025;NexoMax;Distribuidor;RS;130;85;11050;55,25;29,75;0,35;FarmaLife;Ganha;;-1
23/01/2025;NexoMax;Farmácia;SP;79;85;6715;55,25;29,75;0,35;NeoQuim;Ganha;;-1
16/01/2025;Cardiolum;Clínica;MG;107;112;11984;72,8;39,2;0,35;SanisMed;Ganha;;-1
23/01/2025;NexoMax;Farmácia;SP;122;85;10370;55,25;29,75;0,35;FarmaLife;Ganha;;-1
18/01/2025;NexoMax;Distribuidor;BA;189;85;16065;55,25;29,75;0,35;NeoQuim;Ganha;;-1
23/01/2025;ImmuPro;Farmácia;SP;201;135;27135;87,75;47,25;0,35;SanisMed;Ganha;;-1
30/01/2025;Cardiolum;Farmácia;SP;14;112;1568;72,8;39,2;0,35;NeoQuim;Ganha;;-1
19/01/2025;NexoMax;Distribuidor;SP;242;85;20570;55,25;29,75;0,35;FarmaLife;Ganha;;-1
15/01/2025;NexoMax;Farmácia;BA;180;85;15300;55,25;29,75;0,35;NeoQuim;Ganha;;-1
07/01/2025;Neurovit-X;Farmácia;RS;95;95;9025;61,75;33,25;0,35;SanisMed;Ganha;;-1
23/01/2025;NexoMax;Clínica;BA;196;85;16660;55,25;29,75;0,35;FarmaLife;Ganha;;-1
25/01/2025;Neurovit-X;Farmácia;RS;37;95;3515;61,75;33,25;0,35;FarmaLife;Ganha;;-1
30/01/2025;Neurovit-X;Hospital;MG;257;95;24415;61,75;33,25;0,35;FarmaLife;Ganha;;-1
01/01/2025;Neurovit-X;Farmácia;BA;94;95;8930;61,75;33,25;0,35;FarmaLife;Ganha;;-1
13/01/2025;Neurovit-X;Distribuidor;MG;172;95;16340;61,75;33,25;0,35;SanisMed;Ganha;;-1
08/01/2025;Cardiolum;Farmácia;RJ;48;112;5376;72,8;39,2;0,35;NeoQuim;Ganha;;-1
06/01/2025;Lifexin;Farmácia;MG;194;78;15132;50,7;27,3;0,35;NeoQuim;Ganha;;-1
24/01/2025;Lifexin;Clínica;RS;24;78;1872;50,7;27,3;0,35;FarmaLife;Ganha;;-1
17/01/2025;Lifexin;Hospital;SP;112;78;8736;50,7;27,3;0,35;FarmaLife;Ganha;;-1
30/01/2025;Lifexin;Farmácia;SP;34;78;2652;50,7;27,3;0,35;FarmaLife;Ganha;;-1
06/01/2025;ImmuPro;Farmácia;RS;182;135;24570;87,75;47,25;0,35;SanisMed;Ganha;;-1
10/01/2025;NexoMax;Hospital;RJ;0;85;0;55,25;29,75;0,35;NeoQuim;Perdida;Prazo;-1
12/01/2025;Lifexin;Farmácia;RJ;123;78;9594;50,7;27,3;0,35;NeoQuim;Ganha;;-1
01/01/2025;Neurovit-X;Distribuidor;MG;75;95;7125;61,75;33,25;0,35;NeoQuim;Ganha;;-1
07/01/2025;Neurovit-X;Farmácia;RJ;267;95;25365;61,75;33,25;0,35;FarmaLife;Ganha;;-1
22/01/2025;Lifexin;Clínica;RJ;298;78;23244;50,7;27,3;0,35;NeoQuim;Ganha;;-1
25/01/2025;ImmuPro;Farmácia;MG;234;135;31590;87,75;47,25;0,35;SanisMed;Ganha;;-1
22/01/2025;NexoMax;Farmácia;RJ;118;85;10030;55,25;29,75;0,35;NeoQuim;Ganha;;-1
31/01/2025;Neurovit-X;Distribuidor;RS;299;95;28405;61,75;33,25;0,35;FarmaLife;Ganha;;-1
14/01/2025;Lifexin;Hospital;SP;174;78;13572;50,7;27,3;0,35;SanisMed;Ganha;;-1
22/01/2025;ImmuPro;Farmácia;RJ;296;135;39960;87,75;47,25;0,35;NeoQuim;Ganha;;-1
03/01/2025;NexoMax;Distribuidor;RJ;142;85;12070;55,25;29,75;0,35;FarmaLife;Ganha;;-1
30/01/2025;ImmuPro;Farmácia;SP;69;135;9315;87,75;47,25;0,35;SanisMed;Ganha;;-1
15/01/2025;ImmuPro;Distribuidor;BA;167;135;22545;87,75;47,25;0,35;SanisMed;Ganha;;-1
13/01/2025;Cardiolum;Hospital;SP;170;112;19040;72,8;39,2;0,35;SanisMed;Ganha;;-1
20/01/2025;Cardiolum;Hospital;SP;209;112;23408;72,8;39,2;0,35;NeoQuim;Ganha;;-1
24/01/2025;Cardiolum;Hospital;BA;63;112;7056;72,8;39,2;0,35;FarmaLife;Ganha;;-1
23/01/2025;ImmuPro;Distribuidor;RJ;234;135;31590;87,75;47,25;0,35;NeoQuim;Ganha;;-1
09/01/2025;Cardiolum;Farmácia;RJ;161;112;18032;72,8;39,2;0,35;FarmaLife;Ganha;;-1
23/01/2025;Neurovit-X;Clínica;MG;81;95;7695;61,75;33,25;0,35;SanisMed;Ganha;;-1
17/01/2025;Lifexin;Farmácia;RS;68;78;5304;50,7;27,3;0,35;NeoQuim;Ganha;;-1
19/01/2025;NexoMax;Clínica;RS;179;85;15215;55,25;29,75;0,35;FarmaLife;Ganha;;-1
27/01/2025;NexoMax;Clínica;MG;17;85;1445;55,25;29,75;0,35;FarmaLife;Ganha;;-1
28/01/2025;Neurovit-X;Clínica;MG;70;95;6650;61,75;33,25;0,35;NeoQuim;Ganha;;-1
20/01/2025;NexoMax;Farmácia;RJ;197;85;16745;55,25;29,75;0,35;SanisMed;Ganha;;-1
08/01/2025;Lifexin;Clínica;RJ;39;78;3042;50,7;27,3;0,35;SanisMed;Ganha;;-1
02/01/2025;Cardiolum;Distribuidor;SP;266;112;29792;72,8;39,2;0,35;SanisMed;Ganha;;-1
31/01/2025;Neurovit-X;Hospital;RJ;253;95;24035;61,75;33,25;0,35;FarmaLife;Ganha;;-1
09/01/2025;Lifexin;Clínica;RJ;55;78;4290;50,7;27,3;0,35;NeoQuim;Ganha;;-1
13/01/2025;NexoMax;Hospital;MG;295;85;25075;55,25;29,75;0,35;NeoQuim;Ganha;;-1
25/01/2025;Cardiolum;Hospital;RJ;171;112;19152;72,8;39,2;0,35;FarmaLife;Ganha;;-1
04/01/2025;Neurovit-X;Clínica;BA;273;95;25935;61,75;33,25;0,35;SanisMed;Ganha;;-1
23/01/2025;Lifexin;Farmácia;RJ;298;78;23244;50,7;27,3;0,35;SanisMed;Ganha;;-1
11/01/2025;Cardiolum;Clínica;RS;236;112;26432;72,8;39,2;0,35;SanisMed;Ganha;;-1
07/01/2025;NexoMax;Clínica;RJ;90;85;7650;55,25;29,75;0,35;FarmaLife;Ganha;;-1
22/01/2025;Neurovit-X;Clínica;RS;75;95;7125;61,75;33,25;0,35;NeoQuim;Ganha;;-1
17/01/2025;NexoMax;Distribuidor;MG;87;85;7395;55,25;29,75;0,35;FarmaLife;Ganha;;-1
08/01/2025;NexoMax;Distribuidor;MG;204;85;17340;55,25;29,75;0,35;FarmaLife;Ganha;;-1
14/01/2025;NexoMax;Hospital;MG;60;85;5100;55,25;29,75;0,35;FarmaLife;Ganha;;-1
29/01/2025;NexoMax;Clínica;SP;284;85;24140;55,25;29,75;0,35;SanisMed;Ganha;;-1
28/01/2025;Lifexin;Farmácia;BA;178;78;13884;50,7;27,3;0,35;FarmaLife;Ganha;;-1
04/01/2025;NexoMax;Clínica;MG;34;85;2890;55,25;29,75;0,35;SanisMed;Ganha;;-1
18/01/2025;Lifexin;Clínica;BA;27;78;2106;50,7;27,3;0,35;SanisMed;Ganha;;-1
04/01/2025;NexoMax;Hospital;RJ;148;85;12580;55,25;29,75;0,35;NeoQuim;Ganha;;-1
13/01/2025;ImmuPro;Farmácia;RJ;57;135;7695;87,75;47,25;0,35;SanisMed;Ganha;;-1
21/01/2025;NexoMax;Clínica;BA;275;85;23375;55,25;29,75;0,35;SanisMed;Ganha;;-1
22/01/2025;Lifexin;Distribuidor;RJ;285;78;22230;50,7;27,3;0,35;FarmaLife;Ganha;;-1
15/01/2025;Lifexin;Distribuidor;MG;140;78;10920;50,7;27,3;0,35;NeoQuim;Ganha;;-1
23/01/2025;Cardiolum;Farmácia;RS;78;112;8736;72,8;39,2;0,35;SanisMed;Ganha;;-1
06/01/2025;Lifexin;Distribuidor;RJ;17;78;1326;50,7;27,3;0,35;SanisMed;Ganha;;-1
30/01/2025;Lifexin;Distribuidor;RS;130;78;10140;50,7;27,3;0,35;NeoQuim;Ganha;;-1
08/01/2025;NexoMax;Clínica;SP;134;85;11390;55,25;29,75;0,35;SanisMed;Ganha;;-1
14/01/2025;Cardiolum;Farmácia;MG;75;112;8400;72,8;39,2;0,35;SanisMed;Ganha;;-1
26/01/2025;ImmuPro;Hospital;BA;48;135;6480;87,75;47,25;0,35;FarmaLife;Ganha;;-1
10/01/2025;Cardiolum;Clínica;RJ;22;112;2464;72,8;39,2;0,35;NeoQuim;Ganha;;-1
24/01/2025;Neurovit-X;Farmácia;RJ;300;95;28500;61,75;33,25;0,35;FarmaLife;Ganha;;-1
16/01/2025;Cardiolum;Hospital;RS;55;112;6160;72,8;39,2;0,35;NeoQuim;Ganha;;-1
20/01/2025;ImmuPro;Distribuidor;MG;124;135;16740;87,75;47,25;0,35;SanisMed;Ganha;;-1
15/01/2025;NexoMax;Farmácia;RS;190;85;16150;55,25;29,75;0,35;FarmaLife;Ganha;;-1
04/01/2025;Cardiolum;Hospital;SP;179;112;20048;72,8;39,2;0,35;SanisMed;Ganha;;-1
06/01/2025;NexoMax;Distribuidor;SP;256;85;21760;55,25;29,75;0,35;SanisMed;Ganha;;-1
02/01/2025;Cardiolum;Clínica;SP;127;112;14224;72,8;39,2;0,35;SanisMed;Ganha;;-1
25/01/2025;Cardiolum;Distribuidor;SP;177;112;19824;72,8;39,2;0,35;FarmaLife;Ganha;;-1
15/01/2025;NexoMax;Hospital;RJ;31;85;2635;55,25;29,75;0,35;NeoQuim;Ganha;;-1
05/01/2025;ImmuPro;Clínica;MG;97;135;13095;87,75;47,25;0,35;SanisMed;Ganha;;-1
10/01/2025;NexoMax;Farmácia;RJ;112;85;9520;55,25;29,75;0,35;NeoQuim;Ganha;;-1
06/01/2025;Neurovit-X;Distribuidor;RS;178;95;16910;61,75;33,25;0,35;NeoQuim;Ganha;;-1
30/01/2025;ImmuPro;Distribuidor;RJ;137;135;18495;87,75;47,25;0,35;FarmaLife;Ganha;;-1
02/01/2025;ImmuPro;Clínica;RS;118;135;15930;87,75;47,25;0,35;NeoQuim;Ganha;;-1
30/01/2025;NexoMax;Farmácia;RS;36;85;3060;55,25;29,75;0,35;FarmaLife;Ganha;;-1
21/01/2025;Lifexin;Farmácia;SP;254;78;19812;50,7;27,3;0,35;FarmaLife;Ganha;;-1
01/01/2025;NexoMax;Distribuidor;SP;117;85;9945;55,25;29,75;0,35;SanisMed;Ganha;;-1
13/01/2025;Lifexin;Clínica;RS;34;78;2652;50,7;27,3;0,35;NeoQuim;Ganha;;-1
04/01/2025;Lifexin;Farmácia;MG;83;78;6474;50,7;27,3;0,35;SanisMed;Ganha;;-1
25/01/2025;Cardiolum;Clínica;MG;32;112;3584;72,8;39,2;0,35;FarmaLife;Ganha;;-1
11/01/2025;NexoMax;Clínica;SP;263;85;22355;55,25;29,75;0,35;FarmaLife;Ganha;;-1
07/01/2025;Lifexin;Hospital;SP;178;78;13884;50,7;27,3;0,35;SanisMed;Ganha;;-1
19/01/2025;Lifexin;Hospital;MG;280;78;21840;50,7;27,3;0,35;NeoQuim;Ganha;;-1
26/01/2025;Cardiolum;Distribuidor;SP;0;112;0;72,8;39,2;0,35;FarmaLife;Perdida;Prazo;-1
27/01/2025;NexoMax;Clínica;SP;215;85;18275;55,25;29,75;0,35;NeoQuim;Ganha;;-1
02/01/2025;Cardiolum;Hospital;BA;81;112;9072;72,8;39,2;0,35;SanisMed;Ganha;;-1
13/01/2025;Cardiolum;Distribuidor;RJ;75;112;8400;72,8;39,2;0,35;NeoQuim;Ganha;;-1
06/01/2025;Lifexin;Distribuidor;RS;126;78;9828;50,7;27,3;0,35;FarmaLife;Ganha;;-1
01/01/2025;Neurovit-X;Clínica;RJ;160;95;15200;61,75;33,25;0,35;SanisMed;Ganha;;-1
11/01/2025;Neurovit-X;Distribuidor;RJ;135;95;12825;61,75;33,25;0,35;FarmaLife;Ganha;;-1
26/01/2025;ImmuPro;Distribuidor;SP;136;135;18360;87,75;47,25;0,35;SanisMed;Ganha;;-1
11/01/2025;NexoMax;Hospital;BA;15;85;1275;55,25;29,75;0,35;NeoQuim;Ganha;;-1
