data,produto,canal,regiao,unidades_vendidas,preco_unitario,receita,custo_unitario,margem_abs,margem_pct,concorrente_principal,status,motivo_loss,elasticidade
30/01/2025,Neurovit-X,Farmácia,SP,236,"R$ 95,00","R$ 22.420,00","R$ 61,75","R$ 33,25","35,00%",SanisMed,Ganha,,-1
09/01/2025,ImmuPro,Farmácia,SP,158,"R$ 135,00","R$ 21.330,00","R$ 87,75","R$ 47,25","35,00%",NeoQuim,Ganha,,-1
02/01/2025,NexoMax,Clínica,MG,56,"R$ 85,00","R$ 4.760,00","R$ 55,25","R$ 29,75","35,00%",SanisMed,Ganha,,-1
03/01/2025,Lifexin,Distribuidor,RS,29,"R$ 78,00","R$ 2.262,00","R$ 50,70","R$ 27,30","35,00%",SanisMed,Ganha,,-1
29/01/2025,Neurovit-X,Distribuidor,SP,143,"R$ 95,00","R$ 13.585,00","R$ 61,75","R$ 33,25","35,00%",SanisMed,Ganha,,-1
20/01/2025,Cardiolum,Clínica,RS,110,"R$ 112,00","R$ 12.320,00","R$ 72,80","R$ 39,20","35,00%",FarmaLife,Ganha,,-1
02/01/2025,ImmuPro,Distribuidor,SP,202,"R$ 135,00","R$ 27.270,00","R$ 87,75","R$ 47,25","35,00%",FarmaLife,Ganha,,-1
03/01/2025,NexoMax,Hospital,RS,270,"R$ 85,00","R$ 22.950,00","R$ 55,25","R$ 29,75","35,00%",FarmaLife,Ganha,,-1
07/01/2025,Lifexin,Clínica,BA,29,"R$ 78,00","R$ 2.262,00","R$ 50,70","R$ 27,30","35,00%",NeoQuim,Ganha,,-1
08/01/2025,ImmuPro,Farmácia,RJ,122,"R$ 135,00","R$ 16.470,00","R$ 87,75","R$ 47,25","35,00%",SanisMed,Ganha,,-1
15/01/2025,Lifexin,Clínica,RJ,121,"R$ 78,00","R$ 9.438,00","R$ 50,70","R$ 27,30","35,00%",NeoQuim,Ganha,,-1
22/01/2025,NexoMax,Clínica,RJ,73,"R$ 85,00","R$ 6.205,00","R$ 55,25","R$ 29,75","35,00%",SanisMed,Ganha,,-1
09/01/2025,Cardiolum,Distribuidor,RS,65,"R$ 112,00","R$ 7.280,00","R$ 72,80","R$ 39,20","35,00%",FarmaLife,Ganha,,-1
16/01/2025,NexoMax,Hospital,BA,139,"R$ 85,00","R$ 11.815,00","R$ 55,25","R$ 29,75","35,00%",NeoQuim,Ganha,,-1
31/01/2025,Neurovit-X,Distribuidor,RS,205,"R$ 95,00","R$ 19.475,00","R$ 61,75","R$ 33,25","35,00%",NeoQuim,Ganha,,-1
27/01/2025,Lifexin,Clínica,SP,196,"R$ 78,00","R$ 15.288,00","R$ 50,70","R$ 27,30","35,00%",FarmaLife,Ganha,,-1
23/01/2025,Lifexin,Farmácia,MG,146,"R$ 78,00","R$ 11.388,00","R$ 50,70","R$ 27,30","35,00%",SanisMed,Ganha,,-1
14/01/2025,Lifexin,Clínica,BA,255,"R$ 78,00","R$ 19.890,00","R$ 50,70","R$ 27,30","35,00%",NeoQuim,Ganha,,-1
21/01/2025,NexoMax,Clínica,RJ,188,"R$ 85,00","R$ 15.980,00","R$ 55,25","R$ 29,75","35,00%",FarmaLife,Ganha,,-1
12/01/2025,Cardiolum,Farmácia,RJ,51,"R$ 112,00","R$ 5.712,00","R$ 72,80","R$ 39,20","35,00%",FarmaLife,Ganha,,-1
01/01/2025,Lifexin,Distribuidor,BA,189,"R$ 78,00","R$ 14.742,00","R$ 50,70","R$ 27,30","35,00%",NeoQuim,Ganha,,-1
20/01/2025,NexoMax,Farmácia,BA,80,"R$ 85,00","R$ 6.800,00","R$ 55,25","R$ 29,75","35,00%",FarmaLife,Ganha,,-1
26/01/2025,Neurovit-X,Farmácia,RS,90,"R$ 95,00","R$ 8.550,00","R$ 61,75","R$ 33,25","35,00%",NeoQuim,Ganha,,-1
08/01/2025,Lifexin,Hospital,RS,120,"R$ 78,00","R$ 9.360,00","R$ 50,70","R$ 27,30","35,00%",NeoQuim,Ganha,,-1
12/01/2025,Lifexin,Distribuidor,MG,106,"R$ 78,00","R$ 8.268,00","R$ 50,70","R$ 27,30","35,00%",NeoQuim,Ganha,,-1
08/01/2025,Cardiolum,Clínica,RS,42,"R$ 112,00","R$ 4.704,00","R$ 72,80","R$ 39,20","35,00%",FarmaLife,Ganha,,-1
27/01/2025,NexoMax,Farmácia,BA,244,"R$ 85,00","R$ 20.740,00","R$ 55,25","R$ 29,75","35,00%",NeoQuim,Ganha,,-1
12/01/2025,Cardiolum,Farmácia,MG,204,"R$ 112,00","R$ 22.848,00","R$ 72,80","R$ 39,20","35,00%",SanisMed,Ganha,,-1
06/01/2025,Neurovit-X,Distribuidor,BA,187,"R$ 95,00","R$ 17.765,00","R$ 61,75","R$ 33,25","35,00%",FarmaLife,Ganha,,-1
01/01/2025,Cardiolum,Clínica,SP,40,"R$ 112,00","R$ 4.480,00","R$ 72,80","R$ 39,20","35,00%",SanisMed,Ganha,,-1
31/01/2025,ImmuPro,Hospital,MG,262,"R$ 135,00","R$ 35.370,00","R$ 87,75","R$ 47,25","35,00%",NeoQuim,Ganha,,-1
18/01/2025,ImmuPro,Distribuidor,RJ,16,"R$ 135,00","R$ 2.160,00","R$ 87,75","R$ 47,25","35,00%",SanisMed,Ganha,,-1
30/01/2025,Cardiolum,Farmácia,RS,63,"R$ 112,00","R$ 7.056,00","R$ 72,80","R$ 39,20","35,00%",SanisMed,Ganha,,-1
03/01/2025,Cardiolum,Clínica,RS,87,"R$ 112,00","R$ 9.744,00","R$ 72,80","R$ 39,20","35,00%",FarmaLife,Ganha,,-1
29/01/2025,ImmuPro,Clínica,RJ,277,"R$ 135,00","R$ 37.395,00","R$ 87,75","R$ 47,25","35,00%",SanisMed,Ganha,,-1
27/01/2025,NexoMax,Farmácia,MG,4,"R$ 85,00","R$ 340,00","R$ 55,25","R$ 29,75","35,00%",SanisMed,Ganha,,-1
05/01/2025,Cardiolum,Distribuidor,SP,43,"R$ 112,00","R$ 4.816,00","R$ 72,80","R$ 39,20","35,00%",SanisMed,Ganha,,-1
10/01/2025,ImmuPro,Hospital,RS,0,"R$ 135,00","R$ 0,00","R$ 87,75","R$ 47,25","35,00%",SanisMed,Perdida,Serviço,-1
31/01/2025,Lifexin,Distribuidor,RJ,51,"R$ 78,00","R$ 3.978,00","R$ 50,70","R$ 27,30","35,00%",SanisMed,Ganha,,-1
31/01/2025,ImmuPro,Hospital,RS,25,"R$ 135,00","R$ 3.375,00","R$ 87,75","R$ 47,25","35,00%",NeoQuim,Ganha,,-1
29/01/2025,ImmuPro,Farmácia,SP,36,"R$ 135,00","R$ 4.860,00","R$ 87,75","R$ 47,25","35,00%",NeoQuim,Ganha,,-1
15/01/2025,NexoMax,Distribuidor,SP,158,"R$ 85,00","R$ 13.430,00","R$ 55,25","R$ 29,75","35,00%",NeoQuim,Ganha,,-1
24/01/2025,Cardiolum,Clínica,SP,262,"R$ 112,00","R$ 29.344,00","R$ 72,80","R$ 39,20","35,00%",SanisMed,Ganha,,-1
26/01/2025,Cardiolum,Farmácia,RS,186,"R$ 112,00","R$ 20.832,00","R$ 72,80","R$ 39,20","35,00%",SanisMed,Ganha,,-1
18/01/2025,Neurovit-X,Distribuidor,RS,200,"R$ 95,00","R$ 19.000,00","R$ 61,75","R$ 33,25","35,00%",NeoQuim,Ganha,,-1
13/01/2025,Neurovit-X,Hospital,BA,258,"R$ 95,00","R$ 24.510,00","R$ 61,75","R$ 33,25","35,00%",NeoQuim,Ganha,,-1
23/01/2025,NexoMax,Clínica,RJ,126,"R$ 85,00","R$ 10.710,00","R$ 55,25","R$ 29,75","35,00%",NeoQuim,Ganha,,-1
27/01/2025,Neurovit-X,Hospital,MG,183,"R$ 95,00","R$ 17.385,00","R$ 61,75","R$ 33,25","35,00%",FarmaLife,Ganha,,-1
01/01/2025,Cardiolum,Farmácia,RS,126,"R$ 112,00","R$ 14.112,00","R$ 72,80","R$ 39,20","35,00%",NeoQuim,Ganha,,-1
06/01/2025,Lifexin,Distribuidor,SP,109,"R$ 78,00","R$ 8.502,00","R$ 50,70","R$ 27,30","35,00%",FarmaLife,Ganha,,-1
27/01/2025,Cardiolum,Hospital,BA,245,"R$ 112,00","R$ 27.440,00","R$ 72,80","R$ 39,20","35,00%",NeoQuim,Ganha,,-1
23/01/2025,Lifexin,Farmácia,MG,105,"R$ 78,00","R$ 8.190,00","R$ 50,70","R$ 27,30","35,00%",NeoQuim,Ganha,,-1
02/01/2025,Neurovit-X,Clínica,MG,32,"R$ 95,00","R$ 3.040,00","R$ 61,75","R$ 33,25","35,00%",FarmaLife,Ganha,,-1
13/01/2025,Cardiolum,Distribuidor,RS,27,"R$ 112,00","R$ 3.024,00","R$ 72,80","R$ 39,20","35,00%",FarmaLife,Ganha,,-1
15/01/2025,ImmuPro,Hospital,MG,209,"R$ 135,00","R$ 28.215,00","R$ 87,75","R$ 47,25","35,00%",NeoQuim,Ganha,,-1
13/01/2025,ImmuPro,Farmácia,MG,233,"R$ 135,00","R$ 31.455,00","R$ 87,75","R$ 47,25","35,00%",NeoQuim,Ganha,,-1
28/01/2025,Cardiolum,Hospital,RJ,53,"R$ 112,00","R$ 5.936,00","R$ 72,80","R$ 39,20","35,00%",SanisMed,Ganha,,-1
12/01/2025,Neurovit-X,Hospital,RS,61,"R$ 95,00","R$ 5.795,00","R$ 61,75","R$ 33,25","35,00%",SanisMed,Ganha,,-1
25/01/2025,Lifexin,Farmácia,BA,8,"R$ 78,00","R$ 624,00","R$ 50,70","R$ 27,30","35,00%",SanisMed,Ganha,,-1
13/01/2025,Lifexin,Clínica,RJ,285,"R$ 78,00","R$ 22.230,00","R$ 50,70","R$ 27,30","35,00%",FarmaLife,Ganha,,-1
04/01/2025,Cardiolum,Clínica,RS,82,"R$ 112,00","R$ 9.184,00","R$ 72,80","R$ 39,20","35,00%",SanisMed,Ganha,,-1
18/01/2025,Cardiolum,Clínica,BA,69,"R$ 112,00","R$ 7.728,00","R$ 72,80","R$ 39,20","35,00%",NeoQuim,Ganha,,-1
28/01/2025,Lifexin,Farmácia,RJ,298,"R$ 78,00","R$ 23.244,00","R$ 50,70","R$ 27,30","35,00%",SanisMed,Ganha,,-1
18/01/2025,Neurovit-X,Hospital,BA,266,"R$ 95,00","R$ 25.270,00","R$ 61,75","R$ 33,25","35,00%",NeoQuim,Ganha,,-1
15/01/2025,Neurovit-X,Clínica,RS,188,"R$ 95,00","R$ 17.860,00","R$ 61,75","R$ 33,25","35,00%",FarmaLife,Ganha,,-1
20/01/2025,ImmuPro,Farmácia,RJ,231,"R$ 135,00","R$ 31.185,00","R$ 87,75","R$ 47,25","35,00%",FarmaLife,Ganha,,-1
20/01/2025,Neurovit-X,Farmácia,MG,214,"R$ 95,00","R$ 20.330,00","R$ 61,75","R$ 33,25","35,00%",FarmaLife,Ganha,,-1
11/01/2025,NexoMax,Clínica,SP,272,"R$ 85,00","R$ 23.120,00","R$ 55,25","R$ 29,75","35,00%",NeoQuim,Ganha,,-1
26/01/2025,NexoMax,Hospital,MG,107,"R$ 85,00","R$ 9.095,00","R$ 55,25","R$ 29,75","35,00%",NeoQuim,Ganha,,-1
30/01/2025,Cardiolum,Hospital,RJ,170,"R$ 112,00","R$ 19.040,00","R$ 72,80","R$ 39,20","35,00%",NeoQuim,Ganha,,-1
25/01/2025,NexoMax,Distribuidor,BA,279,"R$ 85,00","R$ 23.715,00","R$ 55,25","R$ 29,75","35,00%",FarmaLife,Ganha,,-1
16/01/2025,ImmuPro,Farmácia,SP,79,"R$ 135,00","R$ 10.665,00","R$ 87,75","R$ 47,25","35,00%",FarmaLife,Ganha,,-1
28/01/2025,Lifexin,Hospital,MG,297,"R$ 78,00","R$ 23.166,00","R$ 50,70","R$ 27,30","35,00%",FarmaLife,Ganha,,-1
14/01/2025,ImmuPro,Hospital,SP,208,"R$ 135,00","R$ 28.080,00","R$ 87,75","R$ 47,25","35,00%",NeoQuim,Ganha,,-1
16/01/2025,Cardiolum,Clínica,RJ,225,"R$ 112,00","R$ 25.200,00","R$ 72,80","R$ 39,20","35,00%",FarmaLife,Ganha,,-1
11/01/2025,Neurovit-X,Hospital,MG,294,"R$ 95,00","R$ 27.930,00","R$ 61,75","R$ 33,25","35,00%",FarmaLife,Ganha,,-1
03/01/2025,NexoMax,Farmácia,BA,83,"R$ 85,00","R$ 7.055,00","R$ 55,25","R$ 29,75","35,00%",SanisMed,Ganha,,-1
24/01/2025,NexoMax,Distribuidor,RJ,135,"R$ 85,00","R$ 11.475,00","R$ 55,25","R$ 29,75","35,00%",FarmaLife,Ganha,,-1
23/01/2025,Neurovit-X,Clínica,RS,188,"R$ 95,00","R$ 17.860,00","R$ 61,75","R$ 33,25","35,00%",NeoQuim,Ganha,,-1
08/01/2025,Cardiolum,Clínica,BA,19,"R$ 112,00","R$ 2.128,00","R$ 72,80","R$ 39,20","35,00%",FarmaLife,Ganha,,-1
05/01/2025,Neurovit-X,Farmácia,RJ,158,"R$ 95,00","R$ 15.010,00","R$ 61,75","R$ 33,25","35,00%",NeoQuim,Ganha,,-1
10/01/2025,ImmuPro,Hospital,MG,216,"R$ 135,00","R$ 29.160,00","R$ 87,75","R$ 47,25","35,00%",FarmaLife,Ganha,,-1
05/01/2025,Cardiolum,Distribuidor,RJ,24,"R$ 112,00","R$ 2.688,00","R$ 72,80","R$ 39,20","35,00%",SanisMed,Ganha,,-1
26/01/2025,Cardiolum,Distribuidor,RS,86,"R$ 112,00","R$ 9.632,00","R$ 72,80","R$ 39,20","35,00%",NeoQuim,Ganha,,-1
09/01/2025,Cardiolum,Farmácia,MG,255,"R$ 112,00","R$ 28.560,00","R$ 72,80","R$ 39,20","35,00%",FarmaLife,Ganha,,-1
20/01/2025,Cardiolum,Distribuidor,BA,140,"R$ 112,00","R$ 15.680,00","R$ 72,80","R$ 39,20","35,00%",FarmaLife,Ganha,,-1
23/01/2025,Lifexin,Farmácia,RJ,112,"R$ 78,00","R$ 8.736,00","R$ 50,70","R$ 27,30","35,00%",SanisMed,Ganha,,-1
26/01/2025,NexoMax,Distribuidor,RJ,51,"R$ 85,00","R$ 4.335,00","R$ 55,25","R$ 29,75","35,00%",NeoQuim,Ganha,,-1
03/01/2025,NexoMax,Farmácia,MG,113,"R$ 85,00","R$ 9.605,00","R$ 55,25","R$ 29,75","35,00%",FarmaLife,Ganha,,-1
30/01/2025,ImmuPro,Farmácia,RJ,269,"R$ 135,00","R$ 36.315,00","R$ 87,75","R$ 47,25","35,00%",SanisMed,Ganha,,-1
17/01/2025,NexoMax,Distribuidor,MG,233,"R$ 85,00","R$ 19.805,00","R$ 55,25","R$ 29,75","35,00%",FarmaLife,Ganha,,-1
30/01/2025,ImmuPro,Clínica,RS,9,"R$ 135,00","R$ 1.215,00","R$ 87,75","R$ 47,25","35,00%",SanisMed,Ganha,,-1
11/01/2025,NexoMax,Hospital,SP,74,"R$ 85,00","R$ 6.290,00","R$ 55,25","R$ 29,75","35,00%",FarmaLife,Ganha,,-1
19/01/2025,ImmuPro,Hospital,BA,56,"R$ 135,00","R$ 7.560,00","R$ 87,75","R$ 47,25","35,00%",SanisMed,Ganha,,-1
05/01/2025,Cardiolum,Farmácia,RJ,20,"R$ 112,00","R$ 2.240,00","R$ 72,80","R$ 39,20","35,00%",SanisMed,Ganha,,-1
03/01/2025,Lifexin,Hospital,BA,133,"R$ 78,00","R$ 10.374,00","R$ 50,70","R$ 27,30","35,00%",SanisMed,Ganha,,-1
28/01/2025,Cardiolum,Clínica,RJ,201,"R$ 112,00","R$ 22.512,00","R$ 72,80","R$ 39,20","35,00%",NeoQuim,Ganha,,-1
09/01/2025,Cardiolum,Distribuidor,SP,128,"R$ 112,00","R$ 14.336,00","R$ 72,80","R$ 39,20","35,00%",SanisMed,Ganha,,-1
12/01/2025,Cardiolum,Farmácia,BA,27,"R$ 112,00","R$ 3.024,00","R$ 72,80","R$ 39,20","35,00%",SanisMed,Ganha,,-1
05/01/2025,Neurovit-X,Distribuidor,BA,13,"R$ 95,00","R$ 1.235,00","R$ 61,75","R$ 33,25","35,00%",FarmaLife,Ganha,,-1
16/01/2025,NexoMax,Clínica,RJ,139,"R$ 85,00","R$ 11.815,00","R$ 55,25","R$ 29,75","35,00%",SanisMed,Ganha,,-1
09/01/2025,Neurovit-X,Hospital,MG,87,"R$ 95,00","R$ 8.265,00","R$ 61,75","R$ 33,25","35,00%",FarmaLife,Ganha,,-1
10/01/2025,Neurovit-X,Clínica,RJ,165,"R$ 95,00","R$ 15.675,00","R$ 61,75","R$ 33,25","35,00%",NeoQuim,Ganha,,-1
30/01/2025,NexoMax,Farmácia,SP,225,"R$ 85,00","R$ 19.125,00","R$ 55,25","R$ 29,75","35,00%",NeoQuim,Ganha,,-1
15/01/2025,ImmuPro,Farmácia,RJ,27,"R$ 135,00","R$ 3.645,00","R$ 87,75","R$ 47,25","35,00%",SanisMed,Ganha,,-1
21/01/2025,NexoMax,Hospital,SP,191,"R$ 85,00","R$ 16.235,00","R$ 55,25","R$ 29,75","35,00%",FarmaLife,Ganha,,-1
19/01/2025,Cardiolum,Farmácia,SP,284,"R$ 112,00","R$ 31.808,00","R$ 72,80","R$ 39,20","35,00%",SanisMed,Ganha,,-1
13/01/2025,Lifexin,Hospital,RS,6,"R$ 78,00","R$ 468,00","R$ 50,70","R$ 27,30","35,00%",SanisMed,Ganha,,-1
10/01/2025,Lifexin,Farmácia,RS,291,"R$ 78,00","R$ 22.698,00","R$ 50,70","R$ 27,30","35,00%",FarmaLife,Ganha,,-1
02/01/2025,Lifexin,Farmácia,MG,183,"R$ 78,00","R$ 14.274,00","R$ 50,70","R$ 27,30","35,00%",FarmaLife,Ganha,,-1
06/01/2025,NexoMax,Hospital,RS,53,"R$ 85,00","R$ 4.505,00","R$ 55,25","R$ 29,75","35,00%",FarmaLife,Ganha,,-1
26/01/2025,Neurovit-X,Clínica,MG,64,"R$ 95,00","R$ 6.080,00","R$ 61,75","R$ 33,25","35,00%",SanisMed,Ganha,,-1
28/01/2025,NexoMax,Farmácia,BA,174,"R$ 85,00","R$ 14.790,00","R$ 55,25","R$ 29,75","35,00%",NeoQuim,Ganha,,-1
27/01/2025,Neurovit-X,Clínica,RS,55,"R$ 95,00","R$ 5.225,00","R$ 61,75","R$ 33,25","35,00%",FarmaLife,Ganha,,-1
09/01/2025,Cardiolum,Clínica,RS,255,"R$ 112,00","R$ 28.560,00","R$ 72,80","R$ 39,20","35,00%",SanisMed,Ganha,,-1
09/01/2025,NexoMax,Farmácia,SP,264,"R$ 85,00","R$ 22.440,00","R$ 55,25","R$ 29,75","35,00%",FarmaLife,Ganha,,-1
03/01/2025,NexoMax,Clínica,SP,234,"R$ 85,00","R$ 19.890,00","R$ 55,25","R$ 29,75","35,00%",SanisMed,Ganha,,-1
01/01/2025,NexoMax,Farmácia,RJ,125,"R$ 85,00","R$ 10.625,00","R$ 55,25","R$ 29,75","35,00%",NeoQuim,Ganha,,-1
16/01/2025,Lifexin,Clínica,BA,294,"R$ 78,00","R$ 22.932,00","R$ 50,70","R$ 27,30","35,00%",NeoQuim,Ganha,,-1
04/01/2025,Cardiolum,Hospital,SP,6,"R$ 112,00","R$ 672,00","R$ 72,80","R$ 39,20","35,00%",FarmaLife,Ganha,,-1
09/01/2025,NexoMax,Hospital,BA,7,"R$ 85,00","R$ 595,00","R$ 55,25","R$ 29,75","35,00%",NeoQuim,Ganha,,-1
04/01/2025,Cardiolum,Clínica,MG,92,"R$ 112,00","R$ 10.304,00","R$ 72,80","R$ 39,20","35,00%",SanisMed,Ganha,,-1
29/01/2025,ImmuPro,Hospital,RJ,269,"R$ 135,00","R$ 36.315,00","R$ 87,75","R$ 47,25","35,00%",FarmaLife,Ganha,,-1
15/01/2025,Lifexin,Hospital,SP,220,"R$ 78,00","R$ 17.160,00","R$ 50,70","R$ 27,30","35,00%",NeoQuim,Ganha,,-1
02/01/2025,Neurovit-X,Distribuidor,BA,90,"R$ 95,00","R$ 8.550,00","R$ 61,75","R$ 33,25","35,00%",NeoQuim,Ganha,,-1
13/01/2025,Cardiolum,Distribuidor,RJ,118,"R$ 112,00","R$ 13.216,00","R$ 72,80","R$ 39,20","35,00%",NeoQuim,Ganha,,-1
08/01/2025,NexoMax,Farmácia,RJ,51,"R$ 85,00","R$ 4.335,00","R$ 55,25","R$ 29,75","35,00%",FarmaLife,Ganha,,-1
07/01/2025,ImmuPro,Clínica,BA,184,"R$ 135,00","R$ 24.840,00","R$ 87,75","R$ 47,25","35,00%",SanisMed,Ganha,,-1
26/01/2025,Cardiolum,Distribuidor,MG,275,"R$ 112,00","R$ 30.800,00","R$ 72,80","R$ 39,20","35,00%",NeoQuim,Ganha,,-1
13/01/2025,Cardiolum,Clínica,BA,195,"R$ 112,00","R$ 21.840,00","R$ 72,80","R$ 39,20","35,00%",NeoQuim,Ganha,,-1
23/01/2025,NexoMax,Clínica,MG,275,"R$ 85,00","R$ 23.375,00","R$ 55,25","R$ 29,75","35,00%",FarmaLife,Ganha,,-1
04/01/2025,NexoMax,Hospital,SP,244,"R$ 85,00","R$ 20.740,00","R$ 55,25","R$ 29,75","35,00%",NeoQuim,Ganha,,-1
13/01/2025,Neurovit-X,Clínica,RS,291,"R$ 95,00","R$ 27.645,00","R$ 61,75","R$ 33,25","35,00%",FarmaLife,Ganha,,-1
21/01/2025,Lifexin,Farmácia,SP,118,"R$ 78,00","R$ 9.204,00","R$ 50,70","R$ 27,30","35,00%",SanisMed,Ganha,,-1
20/01/2025,Neurovit-X,Distribuidor,MG,292,"R$ 95,00","R$ 27.740,00","R$ 61,75","R$ 33,25","35,00%",SanisMed,Ganha,,-1
31/01/2025,Lifexin,Clínica,RJ,220,"R$ 78,00","R$ 17.160,00","R$ 50,70","R$ 27,30","35,00%",NeoQuim,Ganha,,-1
12/01/2025,Lifexin,Clínica,RS,174,"R$ 78,00","R$ 13.572,00","R$ 50,70","R$ 27,30","35,00%",FarmaLife,Ganha,,-1
09/01/2025,Cardiolum,Farmácia,RJ,11,"R$ 112,00","R$ 1.232,00","R$ 72,80","R$ 39,20","35,00%",SanisMed,Ganha,,-1
25/01/2025,Neurovit-X,Farmácia,BA,62,"R$ 95,00","R$ 5.890,00","R$ 61,75","R$ 33,25","35,00%",SanisMed,Ganha,,-1
11/01/2025,Lifexin,Farmácia,SP,18,"R$ 78,00","R$ 1.404,00","R$ 50,70","R$ 27,30","35,00%",NeoQuim,Ganha,,-1
05/01/2025,ImmuPro,Farmácia,RS,207,"R$ 135,00","R$ 27.945,00","R$ 87,75","R$ 47,25","35,00%",SanisMed,Ganha,,-1
25/01/2025,Neurovit-X,Farmácia,MG,191,"R$ 95,00","R$ 18.145,00","R$ 61,75","R$ 33,25","35,00%",FarmaLife,Ganha,,-1
01/01/2025,NexoMax,Farmácia,RS,43,"R$ 85,00","R$ 3.655,00","R$ 55,25","R$ 29,75","35,00%",SanisMed,Ganha,,-1
25/01/2025,NexoMax,Distribuidor,SP,263,"R$ 85,00","R$ 22.355,00","R$ 55,25","R$ 29,75","35,00%",NeoQuim,Ganha,,-1
24/01/2025,NexoMax,Distribuidor,RS,118,"R$ 85,00","R$ 10.030,00","R$ 55,25","R$ 29,75","35,00%",NeoQuim,Ganha,,-1
21/01/2025,ImmuPro,Distribuidor,RJ,17,"R$ 135,00","R$ 2.295,00","R$ 87,75","R$ 47,25","35,00%",FarmaLife,Ganha,,-1
06/01/2025,Neurovit-X,Clínica,RS,24,"R$ 95,00","R$ 2.280,00","R$ 61,75","R$ 33,25","35,00%",NeoQuim,Ganha,,-1
09/01/2025,Lifexin,Clínica,MG,128,"R$ 78,00","R$ 9.984,00","R$ 50,70","R$ 27,30","35,00%",NeoQuim,Ganha,,-1
25/01/2025,Cardiolum,Distribuidor,SP,263,"R$ 112,00","R$ 29.456,00","R$ 72,80","R$ 39,20","35,00%",NeoQuim,Ganha,,-1
02/01/2025,ImmuPro,Clínica,RS,133,"R$ 135,00","R$ 17.955,00","R$ 87,75","R$ 47,25","35,00%",NeoQuim,Ganha,,-1
03/01/2025,NexoMax,Distribuidor,RJ,147,"R$ 85,00","R$ 12.495,00","R$ 55,25","R$ 29,75","35,00%",SanisMed,Ganha,,-1
08/01/2025,Lifexin,Clínica,RS,13,"R$ 78,00","R$ 1.014,00","R$ 50,70","R$ 27,30","35,00%",NeoQuim,Ganha,,-1
28/01/2025,NexoMax,Clínica,SP,55,"R$ 85,00","R$ 4.675,00","R$ 55,25","R$ 29,75","35,00%",SanisMed,Ganha,,-1
25/01/2025,Cardiolum,Hospital,SP,94,"R$ 112,00","R$ 10.528,00","R$ 72,80","R$ 39,20","35,00%",NeoQuim,Ganha,,-1
08/01/2025,ImmuPro,Clínica,BA,278,"R$ 135,00","R$ 37.530,00","R$ 87,75","R$ 47,25","35,00%",NeoQuim,Ganha,,-1
18/01/2025,Neurovit-X,Distribuidor,RJ,115,"R$ 95,00","R$ 10.925,00","R$ 61,75","R$ 33,25","35,00%",NeoQuim,Ganha,,-1
13/01/2025,Cardiolum,Farmácia,BA,237,"R$ 112,00","R$ 26.544,00","R$ 72,80","R$ 39,20","35,00%",FarmaLife,Ganha,,-1
27/01/2025,ImmuPro,Distribuidor,RJ,150,"R$ 135,00","R$ 20.250,00","R$ 87,75","R$ 47,25","35,00%",NeoQuim,Ganha,,-1
05/01/2025,Cardiolum,Hospital,RS,69,"R$ 112,00","R$ 7.728,00","R$ 72,80","R$ 39,20","35,00%",SanisMed,Ganha,,-1
18/01/2025,NexoMax,Distribuidor,RJ,3,"R$ 85,00","R$ 255,00","R$ 55,25","R$ 29,75","35,00%",FarmaLife,Ganha,,-1
02/01/2025,NexoMax,Clínica,RS,22,"R$ 85,00","R$ 1.870,00","R$ 55,25","R$ 29,75","35,00%",FarmaLife,Ganha,,-1
20/01/2025,NexoMax,Hospital,BA,127,"R$ 85,00","R$ 10.795,00","R$ 55,25","R$ 29,75","35,00%",FarmaLife,Ganha,,-1
30/01/2025,Neurovit-X,Clínica,RS,212,"R$ 95,00","R$ 20.140,00","R$ 61,75","R$ 33,25","35,00%",NeoQuim,Ganha,,-1
17/01/2025,ImmuPro,Distribuidor,SP,98,"R$ 135,00","R$ 13.230,00","R$ 87,75","R$ 47,25","35,00%",SanisMed,Ganha,,-1
15/01/2025,Neurovit-X,Distribuidor,RS,133,"R$ 95,00","R$ 12.635,00","R$ 61,75","R$ 33,25","35,00%",FarmaLife,Ganha,,-1
26/01/2025,Lifexin,Hospital,RS,183,"R$ 78,00","R$ 14.274,00","R$ 50,70","R$ 27,30","35,00%",NeoQuim,Ganha,,-1
29/01/2025,ImmuPro,Hospital,BA,7,"R$ 135,00","R$ 945,00","R$ 87,75","R$ 47,25","35,00%",FarmaLife,Ganha,,-1
25/01/2025,NexoMax,Hospital,BA,163,"R$ 85,00","R$ 13.855,00","R$ 55,25","R$ 29,75","35,00%",NeoQuim,Ganha,,-1
22/01/2025,NexoMax,Farmácia,RS,217,"R$ 85,00","R$ 18.445,00","R$ 55,25","R$ 29,75","35,00%",NeoQuim,Ganha,,-1
17/01/2025,NexoMax,Distribuidor,RJ,16,"R$ 85,00","R$ 1.360,00","R$ 55,25","R$ 29,75","35,00%",FarmaLife,Ganha,,-1
30/01/2025,Cardiolum,Farmácia,RS,84,"R$ 112,00","R$ 9.408,00","R$ 72,80","R$ 39,20","35,00%",NeoQuim,Ganha,,-1
05/01/2025,Cardiolum,Distribuidor,RJ,164,"R$ 112,00","R$ 18.368,00","R$ 72,80","R$ 39,20","35,00%",FarmaLife,Ganha,,-1
19/01/2025,Lifexin,Hospital,BA,14,"R$ 78,00","R$ 1.092,00","R$ 50,70","R$ 27,30","35,00%",FarmaLife,Ganha,,-1
02/01/2025,Neurovit-X,Clínica,RS,177,"R$ 95,00","R$ 16.815,00","R$ 61,75","R$ 33,25","35,00%",SanisMed,Ganha,,-1
01/01/2025,Lifexin,Distribuidor,RS,272,"R$ 78,00","R$ 21.216,00","R$ 50,70","R$ 27,30","35,00%",NeoQuim,Ganha,,-1
23/01/2025,Lifexin,Farmácia,RS,113,"R$ 78,00","R$ 8.814,00","R$ 50,70","R$ 27,30","35,00%",FarmaLife,Ganha,,-1
22/01/2025,NexoMax,Farmácia,RS,69,"R$ 85,00","R$ 5.865,00","R$ 55,25","R$ 29,75","35,00%",NeoQuim,Ganha,,-1
15/01/2025,NexoMax,Distribuidor,BA,181,"R$ 85,00","R$ 15.385,00","R$ 55,25","R$ 29,75","35,00%",FarmaLife,Ganha,,-1
28/01/2025,Lifexin,Hospital,BA,279,"R$ 78,00","R$ 21.762,00","R$ 50,70","R$ 27,30","35,00%",SanisMed,Ganha,,-1
03/01/2025,NexoMax,Distribuidor,RJ,172,"R$ 85,00","R$ 14.620,00","R$ 55,25","R$ 29,75","35,00%",FarmaLife,Ganha,,-1
22/01/2025,NexoMax,Hospital,BA,65,"R$ 85,00","R$ 5.525,00","R$ 55,25","R$ 29,75","35,00%",NeoQuim,Ganha,,-1
19/01/2025,ImmuPro,Clínica,MG,87,"R$ 135,00","R$ 11.745,00","R$ 87,75","R$ 47,25","35,00%",NeoQuim,Ganha,,-1
14/01/2025,Cardiolum,Farmácia,SP,108,"R$ 112,00","R$ 12.096,00","R$ 72,80","R$ 39,20","35,00%",FarmaLife,Ganha,,-1
10/01/2025,Neurovit-X,Distribuidor,MG,238,"R$ 95,00","R$ 22.610,00","R$ 61,75","R$ 33,25","35,00%",SanisMed,Ganha,,-1
12/01/2025,NexoMax,Farmácia,RJ,135,"R$ 85,00","R$ 11.475,00","R$ 55,25","R$ 29,75","35,00%",SanisMed,Ganha,,-1
03/01/2025,Neurovit-X,Clínica,RJ,258,"R$ 95,00","R$ 24.510,00","R$ 61,75","R$ 33,25","35,00%",FarmaLife,Ganha,,-1
07/01/2025,NexoMax,Hospital,RJ,55,"R$ 85,00","R$ 4.675,00","R$ 55,25","R$ 29,75","35,00%",NeoQuim,Ganha,,-1
22/01/2025,Cardiolum,Distribuidor,RS,148,"R$ 112,00","R$ 16.576,00","R$ 72,80","R$ 39,20","35,00%",FarmaLife,Ganha,,-1
31/01/2025,NexoMax,Hospital,RS,299,"R$ 85,00","R$ 25.415,00","R$ 55,25","R$ 29,75","35,00%",NeoQuim,Ganha,,-1
25/01/2025,ImmuPro,Farmácia,RS,4,"R$ 135,00","R$ 540,00","R$ 87,75","R$ 47,25","35,00%",FarmaLife,Ganha,,-1
22/01/2025,Neurovit-X,Hospital,RJ,197,"R$ 95,00","R$ 18.715,00","R$ 61,75","R$ 33,25","35,00%",NeoQuim,Ganha,,-1
01/01/2025,Cardiolum,Farmácia,BA,98,"R$ 112,00","R$ 10.976,00","R$ 72,80","R$ 39,20","35,00%",NeoQuim,Ganha,,-1
10/01/2025,Lifexin,Clínica,MG,245,"R$ 78,00","R$ 19.110,00","R$ 50,70","R$ 27,30","35,00%",SanisMed,Ganha,,-1
01/01/2025,NexoMax,Clínica,MG,148,"R$ 85,00","R$ 12.580,00","R$ 55,25","R$ 29,75","35,00%",FarmaLife,Ganha,,-1
27/01/2025,Neurovit-X,Farmácia,MG,272,"R$ 95,00","R$ 25.840,00","R$ 61,75","R$ 33,25","35,00%",NeoQuim,Ganha,,-1
04/01/2025,Cardiolum,Distribuidor,SP,71,"R$ 112,00","R$ 7.952,00","R$ 72,80","R$ 39,20","35,00%",FarmaLife,Ganha,,-1
31/01/2025,Cardiolum,Hospital,BA,5,"R$ 112,00","R$ 560,00","R$ 72,80","R$ 39,20","35,00%",SanisMed,Ganha,,-1
10/01/2025,Neurovit-X,Distribuidor,SP,231,"R$ 95,00","R$ 21.945,00","R$ 61,75","R$ 33,25","35,00%",NeoQuim,Ganha,,-1
11/01/2025,Cardiolum,Hospital,RS,63,"R$ 112,00","R$ 7.056,00","R$ 72,80","R$ 39,20","35,00%",FarmaLife,Ganha,,-1
25/01/2025,Cardiolum,Clínica,BA,54,"R$ 112,00","R$ 6.048,00","R$ 72,80","R$ 39,20","35,00%",SanisMed,Ganha,,-1
24/01/2025,NexoMax,Clínica,SP,71,"R$ 85,00","R$ 6.035,00","R$ 55,25","R$ 29,75","35,00%",SanisMed,Ganha,,-1
26/01/2025,NexoMax,Clínica,BA,214,"R$ 85,00","R$ 18.190,00","R$ 55,25","R$ 29,75","35,00%",SanisMed,Ganha,,-1
22/01/2025,Lifexin,Clínica,MG,10,"R$ 78,00","R$ 780,00","R$ 50,70","R$ 27,30","35,00%",FarmaLife,Ganha,,-1
20/01/2025,Neurovit-X,Distribuidor,BA,293,"R$ 95,00","R$ 27.835,00","R$ 61,75","R$ 33,25","35,00%",NeoQuim,Ganha,,-1
03/01/2025,Neurovit-X,Clínica,RJ,17,"R$ 95,00","R$ 1.615,00","R$ 61,75","R$ 33,25","35,00%",SanisMed,Ganha,,-1
15/01/2025,Lifexin,Distribuidor,BA,239,"R$ 78,00","R$ 18.642,00","R$ 50,70","R$ 27,30","35,00%",NeoQuim,Ganha,,-1
22/01/2025,NexoMax,Clínica,BA,108,"R$ 85,00","R$ 9.180,00","R$ 55,25","R$ 29,75","35,00%",FarmaLife,Ganha,,-1
08/01/2025,Neurovit-X,Clínica,RS,113,"R$ 95,00","R$ 10.735,00","R$ 61,75","R$ 33,25","35,00%",SanisMed,Ganha,,-1
30/01/2025,Neurovit-X,Clínica,MG,75,"R$ 95,00","R$ 7.125,00","R$ 61,75","R$ 33,25","35,00%",FarmaLife,Ganha,,-1
03/01/2025,NexoMax,Farmácia,BA,41,"R$ 85,00","R$ 3.485,00","R$ 55,25","R$ 29,75","35,00%",FarmaLife,Ganha,,-1
10/01/2025,NexoMax,Clínica,RJ,99,"R$ 85,00","R$ 8.415,00","R$ 55,25","R$ 29,75","35,00%",NeoQuim,Ganha,,-1
20/01/2025,Cardiolum,Distribuidor,RS,96,"R$ 112,00","R$ 10.752,00","R$ 72,80","R$ 39,20","35,00%",FarmaLife,Ganha,,-1
14/01/2025,NexoMax,Clínica,BA,123,"R$ 85,00","R$ 10.455,00","R$ 55,25","R$ 29,75","35,00%",NeoQuim,Ganha,,-1
06/01/2025,Cardiolum,Hospital,RJ,21,"R$ 112,00","R$ 2.352,00","R$ 72,80","R$ 39,20","35,00%",FarmaLife,Ganha,,-1
30/01/2025,Neurovit-X,Hospital,RS,300,"R$ 95,00","R$ 28.500,00","R$ 61,75","R$ 33,25","35,00%",FarmaLife,Ganha,,-1
14/01/2025,Neurovit-X,Distribuidor,MG,53,"R$ 95,00","R$ 5.035,00","R$ 61,75","R$ 33,25","35,00%",FarmaLife,Ganha,,-1
30/01/2025,Cardiolum,Distribuidor,MG,171,"R$ 112,00","R$ 19.152,00","R$ 72,80","R$ 39,20","35,00%",NeoQuim,Ganha,,-1
04/01/2025,Cardiolum,Clínica,BA,57,"R$ 112,00","R$ 6.384,00","R$ 72,80","R$ 39,20","35,00%",FarmaLife,Ganha,,-1
07/01/2025,Lifexin,Farmácia,RS,105,"R$ 78,00","R$ 8.190,00","R$ 50,70","R$ 27,30","35,00%",SanisMed,Ganha,,-1
18/01/2025,ImmuPro,Hospital,RJ,197,"R$ 135,00","R$ 26.595,00","R$ 87,75","R$ 47,25","35,00%",FarmaLife,Ganha,,-1
31/01/2025,Lifexin,Farmácia,SP,20,"R$ 78,00","R$ 1.560,00","R$ 50,70","R$ 27,30","35,00%",SanisMed,Ganha,,-1
31/01/2025,Cardiolum,Distribuidor,SP,216,"R$ 112,00","R$ 24.192,00","R$ 72,80","R$ 39,20","35,00%",FarmaLife,Ganha,,-1
09/01/2025,Neurovit-X,Hospital,RJ,260,"R$ 95,00","R$ 24.700,00","R$ 61,75","R$ 33,25","35,00%",SanisMed,Ganha,,-1
18/01/2025,Neurovit-X,Hospital,SP,250,"R$ 95,00","R$ 23.750,00","R$ 61,75","R$ 33,25","35,00%",NeoQuim,Ganha,,-1
29/01/2025,ImmuPro,Hospital,SP,228,"R$ 135,00","R$ 30.780,00","R$ 87,75","R$ 47,25","35,00%",FarmaLife,Ganha,,-1
21/01/2025,Neurovit-X,Distribuidor,RS,102,"R$ 95,00","R$ 9.690,00","R$ 61,75","R$ 33,25","35,00%",SanisMed,Ganha,,-1
08/01/2025,Lifexin,Farmácia,RS,226,"R$ 78,00","R$ 17.628,00","R$ 50,70","R$ 27,30","35,00%",SanisMed,Ganha,,-1
31/01/2025,Lifexin,Clínica,BA,217,"R$ 78,00","R$ 16.926,00","R$ 50,70","R$ 27,30","35,00%",FarmaLife,Ganha,,-1
15/01/2025,Neurovit-X,Clínica,BA,122,"R$ 95,00","R$ 11.590,00","R$ 61,75","R$ 33,25","35,00%",FarmaLife,Ganha,,-1
07/01/2025,Neurovit-X,Clínica,MG,10,"R$ 95,00","R$ 950,00","R$ 61,75","R$ 33,25","35,00%",SanisMed,Ganha,,-1
21/01/2025,Neurovit-X,Hospital,RJ,140,"R$ 95,00","R$ 13.300,00","R$ 61,75","R$ 33,25","35,00%",SanisMed,Ganha,,-1
04/01/2025,ImmuPro,Clínica,MG,212,"R$ 135,00","R$ 28.620,00","R$ 87,75","R$ 47,25","35,00%",FarmaLife,Ganha,,-1
21/01/2025,Cardiolum,Clínica,RJ,262,"R$ 112,00","R$ 29.344,00","R$ 72,80","R$ 39,20","35,00%",SanisMed,Ganha,,-1
15/01/2025,NexoMax,Farmácia,MG,76,"R$ 85,00","R$ 6.460,00","R$ 55,25","R$ 29,75","35,00%",FarmaLife,Ganha,,-1
29/01/2025,Cardiolum,Farmácia,BA,187,"R$ 112,00","R$ 20.944,00","R$ 72,80","R$ 39,20","35,00%",FarmaLife,Ganha,,-1
07/01/2025,NexoMax,Clínica,RS,256,"R$ 85,00","R$ 21.760,00","R$ 55,25","R$ 29,75","35,00%",FarmaLife,Ganha,,-1
16/01/2025,Cardiolum,Distribuidor,RS,159,"R$ 112,00","R$ 17.808,00","R$ 72,80","R$ 39,20","35,00%",SanisMed,Ganha,,-1
24/01/2025,Neurovit-X,Farmácia,MG,255,"R$ 95,00","R$ 24.225,00","R$ 61,75","R$ 33,25","35,00%",FarmaLife,Ganha,,-1
08/01/2025,NexoMax,Hospital,RS,63,"R$ 85,00","R$ 5.355,00","R$ 55,25","R$ 29,75","35,00%",NeoQuim,Ganha,,-1
09/01/2025,Cardiolum,Hospital,RJ,89,"R$ 112,00","R$ 9.968,00","R$ 72,80","R$ 39,20","35,00%",SanisMed,Ganha,,-1
12/01/2025,NexoMax,Distribuidor,SP,21,"R$ 85,00","R$ 1.785,00","R$ 55,25","R$ 29,75","35,00%",FarmaLife,Ganha,,-1
16/01/2025,Neurovit-X,Clínica,RJ,152,"R$ 95,00","R$ 14.440,00","R$ 61,75","R$ 33,25","35,00%",SanisMed,Ganha,,-1
25/01/2025,NexoMax,Clínica,BA,258,"R$ 85,00","R$ 21.930,00","R$ 55,25","R$ 29,75","35,00%",SanisMed,Ganha,,-1
03/01/2025,Cardiolum,Farmácia,RJ,95,"R$ 112,00","R$ 10.640,00","R$ 72,80","R$ 39,20","35,00%",SanisMed,Ganha,,-1
11/01/2025,ImmuPro,Farmácia,RS,167,"R$ 135,00","R$ 22.545,00","R$ 87,75","R$ 47,25","35,00%",SanisMed,Ganha,,-1
25/01/2025,ImmuPro,Clínica,RJ,195,"R$ 135,00","R$ 26.325,00","R$ 87,75","R$ 47,25","35,00%",SanisMed,Ganha,,-1
18/01/2025,ImmuPro,Distribuidor,RJ,88,"R$ 135,00","R$ 11.880,00","R$ 87,75","R$ 47,25","35,00%",FarmaLife,Ganha,,-1
05/01/2025,Cardiolum,Distribuidor,RS,105,"R$ 112,00","R$ 11.760,00","R$ 72,80","R$ 39,20","35,00%",NeoQuim,Ganha,,-1
03/01/2025,Cardiolum,Distribuidor,BA,130,"R$ 112,00","R$ 14.560,00","R$ 72,80","R$ 39,20","35,00%",NeoQuim,Ganha,,-1
14/01/2025,Neurovit-X,Distribuidor,MG,218,"R$ 95,00","R$ 20.710,00","R$ 61,75","R$ 33,25","35,00%",FarmaLife,Ganha,,-1
29/01/2025,Lifexin,Farmácia,RS,94,"R$ 78,00","R$ 7.332,00","R$ 50,70","R$ 27,30","35,00%",FarmaLife,Ganha,,-1
22/01/2025,Cardiolum,Farmácia,MG,149,"R$ 112,00","R$ 16.688,00","R$ 72,80","R$ 39,20","35,00%",FarmaLife,Ganha,,-1
22/01/2025,NexoMax,Distribuidor,SP,251,"R$ 85,00","R$ 21.335,00","R$ 55,25","R$ 29,75","35,00%",NeoQuim,Ganha,,-1
03/01/2025,NexoMax,Clínica,RJ,30,"R$ 85,00","R$ 2.550,00","R$ 55,25","R$ 29,75","35,00%",SanisMed,Ganha,,-1
19/01/2025,Neurovit-X,Clínica,RJ,295,"R$ 95,00","R$ 28.025,00","R$ 61,75","R$ 33,25","35,00%",FarmaLife,Ganha,,-1
07/01/2025,NexoMax,Distribuidor,MG,104,"R$ 85,00","R$ 8.840,00","R$ 55,25","R$ 29,75","35,00%",SanisMed,Ganha,,-1
17/01/2025,Lifexin,Clínica,RS,34,"R$ 78,00","R$ 2.652,00","R$ 50,70","R$ 27,30","35,00%",NeoQuim,Ganha,,-1
24/01/2025,NexoMax,Distribuidor,BA,108,"R$ 85,00","R$ 9.180,00","R$ 55,25","R$ 29,75","35,00%",FarmaLife,Ganha,,-1
22/01/2025,Lifexin,Farmácia,RS,232,"R$ 78,00","R$ 18.096,00","R$ 50,70","R$ 27,30","35,00%",SanisMed,Ganha,,-1
16/01/2025,Lifexin,Hospital,BA,167,"R$ 78,00","R$ 13.026,00","R$ 50,70","R$ 27,30","35,00%",FarmaLife,Ganha,,-1
07/01/2025,Lifexin,Farmácia,MG,229,"R$ 78,00","R$ 17.862,00","R$ 50,70","R$ 27,30","35,00%",SanisMed,Ganha,,-1
21/01/2025,Neurovit-X,Distribuidor,RJ,60,"R$ 95,00","R$ 5.700,00","R$ 61,75","R$ 33,25","35,00%",SanisMed,Ganha,,-1
01/01/2025,Neurovit-X,Farmácia,RJ,286,"R$ 95,00","R$ 27.170,00","R$ 61,75","R$ 33,25","35,00%",NeoQuim,Ganha,,-1
19/01/2025,NexoMax,Distribuidor,RJ,110,"R$ 85,00","R$ 9.350,00","R$ 55,25","R$ 29,75","35,00%",SanisMed,Ganha,,-1
25/01/2025,Lifexin,Hospital,MG,51,"R$ 78,00","R$ 3.978,00","R$ 50,70","R$ 27,30","35,00%",FarmaLife,Ganha,,-1
28/01/2025,Neurovit-X,Distribuidor,RS,48,"R$ 95,00","R$ 4.560,00","R$ 61,75","R$ 33,25","35,00%",FarmaLife,Ganha,,-1
10/01/2025,NexoMax,Clínica,BA,129,"R$ 85,00","R$ 10.965,00","R$ 55,25","R$ 29,75","35,00%",NeoQuim,Ganha,,-1
20/01/2025,ImmuPro,Hospital,SP,44,"R$ 135,00","R$ 5.940,00","R$ 87,75","R$ 47,25","35,00%",NeoQuim,Ganha,,-1
03/01/2025,NexoMax,Clínica,RS,261,"R$ 85,00","R$ 22.185,00","R$ 55,25","R$ 29,75","35,00%",NeoQuim,Ganha,,-1
26/01/2025,ImmuPro,Farmácia,RJ,87,"R$ 135,00","R$ 11.745,00","R$ 87,75","R$ 47,25","35,00%",NeoQuim,Ganha,,-1
10/01/2025,NexoMax,Distribuidor,RJ,165,"R$ 85,00","R$ 14.025,00","R$ 55,25","R$ 29,75","35,00%",NeoQuim,Ganha,,-1
24/01/2025,Cardiolum,Hospital,MG,298,"R$ 112,00","R$ 33.376,00","R$ 72,80","R$ 39,20","35,00%",FarmaLife,Ganha,,-1
13/01/2025,Lifexin,Clínica,MG,102,"R$ 78,00","R$ 7.956,00","R$ 50,70","R$ 27,30","35,00%",NeoQuim,Ganha,,-1
13/01/2025,ImmuPro,Farmácia,RS,226,"R$ 135,00","R$ 30.510,00","R$ 87,75","R$ 47,25","35,00%",FarmaLife,Ganha,,-1
20/01/2025,Neurovit-X,Clínica,RS,58,"R$ 95,00","R$ 5.510,00","R$ 61,75","R$ 33,25","35,00%",NeoQuim,Ganha,,-1
28/01/2025,Cardiolum,Hospital,RJ,221,"R$ 112,00","R$ 24.752,00","R$ 72,80","R$ 39,20","35,00%",NeoQuim,Ganha,,-1
10/01/2025,Lifexin,Distribuidor,SP,112,"R$ 78,00","R$ 8.736,00","R$ 50,70","R$ 27,30","35,00%",SanisMed,Ganha,,-1
15/01/2025,Cardiolum,Clínica,RS,253,"R$ 112,00","R$ 28.336,00","R$ 72,80","R$ 39,20","35,00%",SanisMed,Ganha,,-1
24/01/2025,NexoMax,Farmácia,BA,27,"R$ 85,00","R$ 2.295,00","R$ 55,25","R$ 29,75","35,00%",FarmaLife,Ganha,,-1
27/01/2025,Lifexin,Hospital,BA,199,"R$ 78,00","R$ 15.522,00","R$ 50,70","R$ 27,30","35,00%",SanisMed,Ganha,,-1
27/01/2025,ImmuPro,Hospital,RS,59,"R$ 135,00","R$ 7.965,00","R$ 87,75","R$ 47,25","35,00%",FarmaLife,Ganha,,-1
08/01/2025,ImmuPro,Distribuidor,SP,47,"R$ 135,00","R$ 6.345,00","R$ 87,75","R$ 47,25","35,00%",FarmaLife,Ganha,,-1
30/01/2025,Cardiolum,Hospital,RS,149,"R$ 112,00","R$ 16.688,00","R$ 72,80","R$ 39,20","35,00%",NeoQuim,Ganha,,-1
26/01/2025,Cardiolum,Farmácia,MG,237,"R$ 112,00","R$ 26.544,00","R$ 72,80","R$ 39,20","35,00%",SanisMed,Ganha,,-1
24/01/2025,Cardiolum,Hospital,SP,265,"R$ 112,00","R$ 29.680,00","R$ 72,80","R$ 39,20","35,00%",FarmaLife,Ganha,,-1
06/01/2025,NexoMax,Farmácia,RJ,17,"R$ 85,00","R$ 1.445,00","R$ 55,25","R$ 29,75","35,00%",FarmaLife,Ganha,,-1
02/01/2025,ImmuPro,Clínica,SP,212,"R$ 135,00","R$ 28.620,00","R$ 87,75","R$ 47,25","35,00%",SanisMed,Ganha,,-1
11/01/2025,ImmuPro,Distribuidor,RJ,199,"R$ 135,00","R$ 26.865,00","R$ 87,75","R$ 47,25","35,00%",SanisMed,Ganha,,-1
19/01/2025,Neurovit-X,Hospital,BA,10,"R$ 95,00","R$ 950,00","R$ 61,75","R$ 33,25","35,00%",SanisMed,Ganha,,-1
24/01/2025,Cardiolum,Distribuidor,MG,47,"R$ 112,00","R$ 5.264,00","R$ 72,80","R$ 39,20","35,00%",SanisMed,Ganha,,-1
08/01/2025,Cardiolum,Clínica,RJ,164,"R$ 112,00","R$ 18.368,00","R$ 72,80","R$ 39,20","35,00%",FarmaLife,Ganha,,-1
26/01/2025,Cardiolum,Distribuidor,BA,31,"R$ 112,00","R$ 3.472,00","R$ 72,80","R$ 39,20","35,00%",FarmaLife,Ganha,,-1
05/01/2025,NexoMax,Distribuidor,BA,272,"R$ 85,00","R$ 23.120,00","R$ 55,25","R$ 29,75","35,00%",FarmaLife,Ganha,,-1
03/01/2025,ImmuPro,Distribuidor,RS,45,"R$ 135,00","R$ 6.075,00","R$ 87,75","R$ 47,25","35,00%",NeoQuim,Ganha,,-1
29/01/2025,NexoMax,Farmácia,BA,141,"R$ 85,00","R$ 11.985,00","R$ 55,25","R$ 29,75","35,00%",FarmaLife,Ganha,,-1
27/01/2025,Cardiolum,Distribuidor,RS,224,"R$ 112,00","R$ 25.088,00","R$ 72,80","R$ 39,20","35,00%",NeoQuim,Ganha,,-1
27/01/2025,ImmuPro,Clínica,RJ,37,"R$ 135,00","R$ 4.995,00","R$ 87,75","R$ 47,25","35,00%",FarmaLife,Ganha,,-1
25/01/2025,ImmuPro,Farmácia,RJ,120,"R$ 135,00","R$ 16.200,00","R$ 87,75","R$ 47,25","35,00%",FarmaLife,Ganha,,-1
16/01/2025,ImmuPro,Distribuidor,RS,93,"R$ 135,00","R$ 12.555,00","R$ 87,75","R$ 47,25","35,00%",NeoQuim,Ganha,,-1
12/01/2025,NexoMax,Hospital,SP,185,"R$ 85,00","R$ 15.725,00","R$ 55,25","R$ 29,75","35,00%",NeoQuim,Ganha,,-1
03/01/2025,Cardiolum,Distribuidor,BA,142,"R$ 112,00","R$ 15.904,00","R$ 72,80","R$ 39,20","35,00%",NeoQuim,Ganha,,-1
11/01/2025,Neurovit-X,Farmácia,BA,168,"R$ 95,00","R$ 15.960,00","R$ 61,75","R$ 33,25","35,00%",SanisMed,Ganha,,-1
13/01/2025,Neurovit-X,Distribuidor,RJ,104,"R$ 95,00","R$ 9.880,00","R$ 61,75","R$ 33,25","35,00%",SanisMed,Ganha,,-1
19/01/2025,Lifexin,Distribuidor,MG,253,"R$ 78,00","R$ 19.734,00","R$ 50,70","R$ 27,30","35,00%",FarmaLife,Ganha,,-1
13/01/2025,Cardiolum,Distribuidor,RJ,2,"R$ 112,00","R$ 224,00","R$ 72,80","R$ 39,20","35,00%",NeoQuim,Ganha,,-1
03/01/2025,Neurovit-X,Distribuidor,BA,297,"R$ 95,00","R$ 28.215,00","R$ 61,75","R$ 33,25","35,00%",FarmaLife,Ganha,,-1
17/01/2025,Lifexin,Distribuidor,BA,59,"R$ 78,00","R$ 4.602,00","R$ 50,70","R$ 27,30","35,00%",FarmaLife,Ganha,,-1
09/01/2025,Lifexin,Clínica,RJ,110,"R$ 78,00","R$ 8.580,00","R$ 50,70","R$ 27,30","35,00%",NeoQuim,Ganha,,-1
19/01/2025,Lifexin,Farmácia,MG,206,"R$ 78,00","R$ 16.068,00","R$ 50,70","R$ 27,30","35,00%",SanisMed,Ganha,,-1
19/01/2025,Neurovit-X,Hospital,RS,133,"R$ 95,00","R$ 12.635,00","R$ 61,75","R$ 33,25","35,00%",SanisMed,Ganha,,-1
31/01/2025,NexoMax,Distribuidor,RJ,166,"R$ 85,00","R$ 14.110,00","R$ 55,25","R$ 29,75","35,00%",SanisMed,Ganha,,-1
09/01/2025,Neurovit-X,Farmácia,SP,32,"R$ 95,00","R$ 3.040,00","R$ 61,75","R$ 33,25","35,00%",SanisMed,Ganha,,-1
13/01/2025,Cardiolum,Hospital,RS,68,"R$ 112,00","R$ 7.616,00","R$ 72,80","R$ 39,20","35,00%",SanisMed,Ganha,,-1
07/01/2025,NexoMax,Clínica,SP,114,"R$ 85,00","R$ 9.690,00","R$ 55,25","R$ 29,75","35,00%",FarmaLife,Ganha,,-1
17/01/2025,Neurovit-X,Clínica,RJ,272,"R$ 95,00","R$ 25.840,00","R$ 61,75","R$ 33,25","35,00%",SanisMed,Ganha,,-1
11/01/2025,Neurovit-X,Farmácia,MG,53,"R$ 95,00","R$ 5.035,00","R$ 61,75","R$ 33,25","35,00%",NeoQuim,Ganha,,-1
29/01/2025,Cardiolum,Farmácia,RS,236,"R$ 112,00","R$ 26.432,00","R$ 72,80","R$ 39,20","35,00%",FarmaLife,Ganha,,-1
07/01/2025,ImmuPro,Hospital,RJ,50,"R$ 135,00","R$ 6.750,00","R$ 87,75","R$ 47,25","35,00%",SanisMed,Ganha,,-1
08/01/2025,Lifexin,Hospital,RJ,100,"R$ 78,00","R$ 7.800,00","R$ 50,70","R$ 27,30","35,00%",FarmaLife,Ganha,,-1
31/01/2025,NexoMax,Clínica,SP,257,"R$ 85,00","R$ 21.845,00","R$ 55,25","R$ 29,75","35,00%",SanisMed,Ganha,,-1
12/01/2025,ImmuPro,Hospital,SP,179,"R$ 135,00","R$ 24.165,00","R$ 87,75","R$ 47,25","35,00%",NeoQuim,Ganha,,-1
27/01/2025,NexoMax,Distribuidor,BA,264,"R$ 85,00","R$ 22.440,00","R$ 55,25","R$ 29,75","35,00%",NeoQuim,Ganha,,-1
20/01/2025,Lifexin,Clínica,BA,27,"R$ 78,00","R$ 2.106,00","R$ 50,70","R$ 27,30","35,00%",NeoQuim,Ganha,,-1
03/01/2025,Cardiolum,Clínica,SP,235,"R$ 112,00","R$ 26.320,00","R$ 72,80","R$ 39,20","35,00%",FarmaLife,Ganha,,-1
29/01/2025,NexoMax,Clínica,MG,169,"R$ 85,00","R$ 14.365,00","R$ 55,25","R$ 29,75","35,00%",FarmaLife,Ganha,,-1
20/01/2025,Lifexin,Hospital,RJ,291,"R$ 78,00","R$ 22.698,00","R$ 50,70","R$ 27,30","35,00%",NeoQuim,Ganha,,-1
02/01/2025,Lifexin,Farmácia,BA,249,"R$ 78,00","R$ 19.422,00","R$ 50,70","R$ 27,30","35,00%",SanisMed,Ganha,,-1
28/01/2025,Lifexin,Farmácia,BA,220,"R$ 78,00","R$ 17.160,00","R$ 50,70","R$ 27,30","35,00%",NeoQuim,Ganha,,-1
09/01/2025,NexoMax,Farmácia,RJ,40,"R$ 85,00","R$ 3.400,00","R$ 55,25","R$ 29,75","35,00%",SanisMed,Ganha,,-1
15/01/2025,NexoMax,Distribuidor,RS,53,"R$ 85,00","R$ 4.505,00","R$ 55,25","R$ 29,75","35,00%",NeoQuim,Ganha,,-1
20/01/2025,Cardiolum,Farmácia,MG,107,"R$ 112,00","R$ 11.984,00","R$ 72,80","R$ 39,20","35,00%",SanisMed,Ganha,,-1
05/01/2025,NexoMax,Clínica,BA,74,"R$ 85,00","R$ 6.290,00","R$ 55,25","R$ 29,75","35,00%",NeoQuim,Ganha,,-1
06/01/2025,Cardiolum,Farmácia,RJ,83,"R$ 112,00","R$ 9.296,00","R$ 72,80","R$ 39,20","35,00%",FarmaLife,Ganha,,-1
12/01/2025,ImmuPro,Distribuidor,MG,142,"R$ 135,00","R$ 19.170,00","R$ 87,75","R$ 47,25","35,00%",FarmaLife,Ganha,,-1
11/01/2025,Lifexin,Distribuidor,RS,90,"R$ 78,00","R$ 7.020,00","R$ 50,70","R$ 27,30","35,00%",NeoQuim,Ganha,,-1
28/01/2025,Neurovit-X,Clínica,MG,125,"R$ 95,00","R$ 11.875,00","R$ 61,75","R$ 33,25","35,00%",SanisMed,Ganha,,-1
16/01/2025,ImmuPro,Hospital,BA,264,"R$ 135,00","R$ 35.640,00","R$ 87,75","R$ 47,25","35,00%",NeoQuim,Ganha,,-1
08/01/2025,Neurovit-X,Farmácia,MG,42,"R$ 95,00","R$ 3.990,00","R$ 61,75","R$ 33,25","35,00%",FarmaLife,Ganha,,-1
17/01/2025,Lifexin,Clínica,SP,0,"R$ 78,00","R$ 0,00","R$ 50,70","R$ 27,30","35,00%",FarmaLife,Perdida,Prazo,-1
10/01/2025,ImmuPro,Farmácia,RJ,160,"R$ 135,00","R$ 21.600,00","R$ 87,75","R$ 47,25","35,00%",SanisMed,Ganha,,-1
05/01/2025,Cardiolum,Distribuidor,BA,203,"R$ 112,00","R$ 22.736,00","R$ 72,80","R$ 39,20","35,00%",NeoQuim,Ganha,,-1
24/01/2025,NexoMax,Hospital,RJ,189,"R$ 85,00","R$ 16.065,00","R$ 55,25","R$ 29,75","35,00%",FarmaLife,Ganha,,-1
07/01/2025,Lifexin,Hospital,RS,88,"R$ 78,00","R$ 6.864,00","R$ 50,70","R$ 27,30","35,00%",NeoQuim,Ganha,,-1
27/01/2025,ImmuPro,Hospital,BA,149,"R$ 135,00","R$ 20.115,00","R$ 87,75","R$ 47,25","35,00%",NeoQuim,Ganha,,-1
23/01/2025,Neurovit-X,Farmácia,SP,132,"R$ 95,00","R$ 12.540,00","R$ 61,75","R$ 33,25","35,00%",NeoQuim,Ganha,,-1
20/01/2025,Neurovit-X,Hospital,RJ,92,"R$ 95,00","R$ 8.740,00","R$ 61,75","R$ 33,25","35,00%",NeoQuim,Ganha,,-1
09/01/2025,ImmuPro,Farmácia,SP,230,"R$ 135,00","R$ 31.050,00","R$ 87,75","R$ 47,25","35,00%",SanisMed,Ganha,,-1
09/01/2025,Neurovit-X,Hospital,RJ,288,"R$ 95,00","R$ 27.360,00","R$ 61,75","R$ 33,25","35,00%",FarmaLife,Ganha,,-1
13/01/2025,Neurovit-X,Hospital,SP,270,"R$ 95,00","R$ 25.650,00","R$ 61,75","R$ 33,25","35,00%",NeoQuim,Ganha,,-1
03/01/2025,NexoMax,Distribuidor,MG,120,"R$ 85,00","R$ 10.200,00","R$ 55,25","R$ 29,75","35,00%",FarmaLife,Ganha,,-1
03/01/2025,Lifexin,Hospital,BA,173,"R$ 78,00","R$ 13.494,00","R$ 50,70","R$ 27,30","35,00%",FarmaLife,Ganha,,-1
30/01/2025,NexoMax,Distribuidor,SP,35,"R$ 85,00","R$ 2.975,00","R$ 55,25","R$ 29,75","35,00%",SanisMed,Ganha,,-1
15/01/2025,ImmuPro,Clínica,RJ,66,"R$ 135,00","R$ 8.910,00","R$ 87,75","R$ 47,25","35,00%",FarmaLife,Ganha,,-1
28/01/2025,NexoMax,Clínica,RS,169,"R$ 85,00","R$ 14.365,00","R$ 55,25","R$ 29,75","35,00%",FarmaLife,Ganha,,-1
29/01/2025,Cardiolum,Clínica,RJ,14,"R$ 112,00","R$ 1.568,00","R$ 72,80","R$ 39,20","35,00%",FarmaLife,Ganha,,-1
11/01/2025,NexoMax,Clínica,MG,7,"R$ 85,00","R$ 595,00","R$ 55,25","R$ 29,75","35,00%",NeoQuim,Ganha,,-1
17/01/2025,ImmuPro,Distribuidor,BA,146,"R$ 135,00","R$ 19.710,00","R$ 87,75","R$ 47,25","35,00%",SanisMed,Ganha,,-1
06/01/2025,NexoMax,Hospital,SP,21,"R$ 85,00","R$ 1.785,00","R$ 55,25","R$ 29,75","35,00%",NeoQuim,Ganha,,-1
31/01/2025,ImmuPro,Distribuidor,RJ,54,"R$ 135,00","R$ 7.290,00","R$ 87,75","R$ 47,25","35,00%",NeoQuim,Ganha,,-1
03/01/2025,ImmuPro,Clínica,SP,216,"R$ 135,00","R$ 29.160,00","R$ 87,75","R$ 47,25","35,00%",FarmaLife,Ganha,,-1
02/01/2025,Lifexin,Hospital,MG,98,"R$ 78,00","R$ 7.644,00","R$ 50,70","R$ 27,30","35,00%",NeoQuim,Ganha,,-1
24/01/2025,NexoMax,Clínica,RS,198,"R$ 85,00","R$ 16.830,00","R$ 55,25","R$ 29,75","35,00%",NeoQuim,Ganha,,-1
27/01/2025,ImmuPro,Farmácia,BA,74,"R$ 135,00","R$ 9.990,00","R$ 87,75","R$ 47,25","35,00%",FarmaLife,Ganha,,-1
07/01/2025,ImmuPro,Hospital,MG,286,"R$ 135,00","R$ 38.610,00","R$ 87,75","R$ 47,25","35,00%",FarmaLife,Ganha,,-1
14/01/2025,Cardiolum,Farmácia,SP,70,"R$ 112,00","R$ 7.840,00","R$ 72,80","R$ 39,20","35,00%",FarmaLife,Ganha,,-1
10/01/2025,ImmuPro,Hospital,RJ,35,"R$ 135,00","R$ 4.725,00","R$ 87,75","R$ 47,25","35,00%",FarmaLife,Ganha,,-1
08/01/2025,Cardiolum,Distribuidor,MG,101,"R$ 112,00","R$ 11.312,00","R$ 72,80","R$ 39,20","35,00%",NeoQuim,Ganha,,-1
05/01/2025,NexoMax,Clínica,RJ,282,"R$ 85,00","R$ 23.970,00","R$ 55,25","R$ 29,75","35,00%",FarmaLife,Ganha,,-1
31/01/2025,ImmuPro,Farmácia,MG,138,"R$ 135,00","R$ 18.630,00","R$ 87,75","R$ 47,25","35,00%",SanisMed,Ganha,,-1
17/01/2025,ImmuPro,Hospital,SP,209,"R$ 135,00","R$ 28.215,00","R$ 87,75","R$ 47,25","35,00%",NeoQuim,Ganha,,-1
04/01/2025,Cardiolum,Farmácia,MG,61,"R$ 112,00","R$ 6.832,00","R$ 72,80","R$ 39,20","35,00%",FarmaLife,Ganha,,-1
07/01/2025,Cardiolum,Clínica,MG,134,"R$ 112,00","R$ 15.008,00","R$ 72,80","R$ 39,20","35,00%",FarmaLife,Ganha,,-1
05/01/2025,Lifexin,Hospital,SP,110,"R$ 78,00","R$ 8.580,00","R$ 50,70","R$ 27,30","35,00%",NeoQuim,Ganha,,-1
30/01/2025,Lifexin,Farmácia,MG,17,"R$ 78,00","R$ 1.326,00","R$ 50,70","R$ 27,30","35,00%",SanisMed,Ganha,,-1
21/01/2025,Neurovit-X,Distribuidor,RJ,59,"R$ 95,00","R$ 5.605,00","R$ 61,75","R$ 33,25","35,00%",NeoQuim,Ganha,,-1
14/01/2025,ImmuPro,Hospital,SP,189,"R$ 135,00","R$ 25.515,00","R$ 87,75","R$ 47,25","35,00%",FarmaLife,Ganha,,-1
20/01/2025,Cardiolum,Clínica,RS,213,"R$ 112,00","R$ 23.856,00","R$ 72,80","R$ 39,20","35,00%",NeoQuim,Ganha,,-1
04/01/2025,Cardiolum,Distribuidor,RS,183,"R$ 112,00","R$ 20.496,00","R$ 72,80","R$ 39,20","35,00%",NeoQuim,Ganha,,-1
05/01/2025,Cardiolum,Distribuidor,RJ,232,"R$ 112,00","R$ 25.984,00","R$ 72,80","R$ 39,20","35,00%",FarmaLife,Ganha,,-1
28/01/2025,ImmuPro,Distribuidor,RJ,39,"R$ 135,00","R$ 5.265,00","R$ 87,75","R$ 47,25","35,00%",FarmaLife,Ganha,,-1
17/01/2025,Cardiolum,Clínica,RS,93,"R$ 112,00","R$ 10.416,00","R$ 72,80","R$ 39,20","35,00%",FarmaLife,Ganha,,-1
14/01/2025,Lifexin,Hospital,SP,165,"R$ 78,00","R$ 12.870,00","R$ 50,70","R$ 27,30","35,00%",SanisMed,Ganha,,-1
08/01/2025,Cardiolum,Clínica,RS,228,"R$ 112,00","R$ 25.536,00","R$ 72,80","R$ 39,20","35,00%",SanisMed,Ganha,,-1
30/01/2025,Lifexin,Hospital,MG,52,"R$ 78,00","R$ 4.056,00","R$ 50,70","R$ 27,30","35,00%",FarmaLife,Ganha,,-1
30/01/2025,NexoMax,Farmácia,SP,17,"R$ 85,00","R$ 1.445,00","R$ 55,25","R$ 29,75","35,00%",FarmaLife,Ganha,,-1
01/01/2025,ImmuPro,Clínica,RS,168,"R$ 135,00","R$ 22.680,00","R$ 87,75","R$ 47,25","35,00%",NeoQuim,Ganha,,-1
18/01/2025,Neurovit-X,Hospital,SP,260,"R$ 95,00","R$ 24.700,00","R$ 61,75","R$ 33,25","35,00%",NeoQuim,Ganha,,-1
14/01/2025,NexoMax,Clínica,RJ,221,"R$ 85,00","R$ 18.785,00","R$ 55,25","R$ 29,75","35,00%",FarmaLife,Ganha,,-1
16/01/2025,ImmuPro,Clínica,RJ,98,"R$ 135,00","R$ 13.230,00","R$ 87,75","R$ 47,25","35,00%",NeoQuim,Ganha,,-1
07/01/2025,Neurovit-X,Distribuidor,RJ,129,"R$ 95,00","R$ 12.255,00","R$ 61,75","R$ 33,25","35,00%",FarmaLife,Ganha,,-1
28/01/2025,ImmuPro,Hospital,MG,50,"R$ 135,00","R$ 6.750,00","R$ 87,75","R$ 47,25","35,00%",SanisMed,Ganha,,-1
28/01/2025,Lifexin,Hospital,MG,168,"R$ 78,00","R$ 13.104,00","R$ 50,70","R$ 27,30","35,00%",SanisMed,Ganha,,-1
14/01/2025,NexoMax,Farmácia,SP,204,"R$ 85,00","R$ 17.340,00","R$ 55,25","R$ 29,75","35,00%",NeoQuim,Ganha,,-1
06/01/2025,NexoMax,Distribuidor,RS,130,"R$ 85,00","R$ 11.050,00","R$ 55,25","R$ 29,75","35,00%",FarmaLife,Ganha,,-1
23/01/2025,NexoMax,Farmácia,SP,79,"R$ 85,00","R$ 6.715,00","R$ 55,25","R$ 29,75","35,00%",NeoQuim,Ganha,,-1
16/01/2025,Cardiolum,Clínica,MG,107,"R$ 112,00","R$ 11.984,00","R$ 72,80","R$ 39,20","35,00%",SanisMed,Ganha,,-1
23/01/2025,NexoMax,Farmácia,SP,122,"R$ 85,00","R$ 10.370,00","R$ 55,25","R$ 29,75","35,00%",FarmaLife,Ganha,,-1
18/01/2025,NexoMax,Distribuidor,BA,189,"R$ 85,00","R$ 16.065,00","R$ 55,25","R$ 29,75","35,00%",NeoQuim,Ganha,,-1
23/01/2025,ImmuPro,Farmácia,SP,201,"R$ 135,00","R$ 27.135,00","R$ 87,75","R$ 47,25","35,00%",SanisMed,Ganha,,-1
30/01/2025,Cardiolum,Farmácia,SP,14,"R$ 112,00","R$ 1.568,00","R$ 72,80","R$ 39,20","35,00%",NeoQuim,Ganha,,-1
19/01/2025,NexoMax,Distribuidor,SP,242,"R$ 85,00","R$ 20.570,00","R$ 55,25","R$ 29,75","35,00%",FarmaLife,Ganha,,-1
15/01/2025,NexoMax,Farmácia,BA,180,"R$ 85,00","R$ 15.300,00","R$ 55,25","R$ 29,75","35,00%",NeoQuim,Ganha,,-1
07/01/2025,Neurovit-X,Farmácia,RS,95,"R$ 95,00","R$ 9.025,00","R$ 61,75","R$ 33,25","35,00%",SanisMed,Ganha,,-1
23/01/2025,NexoMax,Clínica,BA,196,"R$ 85,00","R$ 16.660,00","R$ 55,25","R$ 29,75","35,00%",FarmaLife,Ganha,,-1
25/01/2025,Neurovit-X,Farmácia,RS,37,"R$ 95,00","R$ 3.515,00","R$ 61,75","R$ 33,25","35,00%",FarmaLife,Ganha,,-1
30/01/2025,Neurovit-X,Hospital,MG,257,"R$ 95,00","R$ 24.415,00","R$ 61,75","R$ 33,25","35,00%",FarmaLife,Ganha,,-1
01/01/2025,Neurovit-X,Farmácia,BA,94,"R$ 95,00","R$ 8.930,00","R$ 61,75","R$ 33,25","35,00%",FarmaLife,Ganha,,-1
13/01/2025,Neurovit-X,Distribuidor,MG,172,"R$ 95,00","R$ 16.340,00","R$ 61,75","R$ 33,25","35,00%",SanisMed,Ganha,,-1
08/01/2025,Cardiolum,Farmácia,RJ,48,"R$ 112,00","R$ 5.376,00","R$ 72,80","R$ 39,20","35,00%",NeoQuim,Ganha,,-1
06/01/2025,Lifexin,Farmácia,MG,194,"R$ 78,00","R$ 15.132,00","R$ 50,70","R$ 27,30","35,00%",NeoQuim,Ganha,,-1
24/01/2025,Lifexin,Clínica,RS,24,"R$ 78,00","R$ 1.872,00","R$ 50,70","R$ 27,30","35,00%",FarmaLife,Ganha,,-1
17/01/2025,Lifexin,Hospital,SP,112,"R$ 78,00","R$ 8.736,00","R$ 50,70","R$ 27,30","35,00%",FarmaLife,Ganha,,-1
30/01/2025,Lifexin,Farmácia,SP,34,"R$ 78,00","R$ 2.652,00","R$ 50,70","R$ 27,30","35,00%",FarmaLife,Ganha,,-1
06/01/2025,ImmuPro,Farmácia,RS,182,"R$ 135,00","R$ 24.570,00","R$ 87,75","R$ 47,25","35,00%",SanisMed,Ganha,,-1
10/01/2025,NexoMax,Hospital,RJ,0,"R$ 85,00","R$ 0,00","R$ 55,25","R$ 29,75","35,00%",NeoQuim,Perdida,Prazo,-1
12/01/2025,Lifexin,Farmácia,RJ,123,"R$ 78,00","R$ 9.594,00","R$ 50,70","R$ 27,30","35,00%",NeoQuim,Ganha,,-1
01/01/2025,Neurovit-X,Distribuidor,MG,75,"R$ 95,00","R$ 7.125,00","R$ 61,75","R$ 33,25","35,00%",NeoQuim,Ganha,,-1
07/01/2025,Neurovit-X,Farmácia,RJ,267,"R$ 95,00","R$ 25.365,00","R$ 61,75","R$ 33,25","35,00%",FarmaLife,Ganha,,-1
22/01/2025,Lifexin,Clínica,RJ,298,"R$ 78,00","R$ 23.244,00","R$ 50,70","R$ 27,30","35,00%",NeoQuim,Ganha,,-1
25/01/2025,ImmuPro,Farmácia,MG,234,"R$ 135,00","R$ 31.590,00","R$ 87,75","R$ 47,25","35,00%",SanisMed,Ganha,,-1
22/01/2025,NexoMax,Farmácia,RJ,118,"R$ 85,00","R$ 10.030,00","R$ 55,25","R$ 29,75","35,00%",NeoQuim,Ganha,,-1
31/01/2025,Neurovit-X,Distribuidor,RS,299,"R$ 95,00","R$ 28.405,00","R$ 61,75","R$ 33,25","35,00%",FarmaLife,Ganha,,-1
14/01/2025,Lifexin,Hospital,SP,174,"R$ 78,00","R$ 13.572,00","R$ 50,70","R$ 27,30","35,00%",SanisMed,Ganha,,-1
22/01/2025,ImmuPro,Farmácia,RJ,296,"R$ 135,00","R$ 39.960,00","R$ 87,75","R$ 47,25","35,00%",NeoQuim,Ganha,,-1
03/01/2025,NexoMax,Distribuidor,RJ,142,"R$ 85,00","R$ 12.070,00","R$ 55,25","R$ 29,75","35,00%",FarmaLife,Ganha,,-1
30/01/2025,ImmuPro,Farmácia,SP,69,"R$ 135,00","R$ 9.315,00","R$ 87,75","R$ 47,25","35,00%",SanisMed,Ganha,,-1
15/01/2025,ImmuPro,Distribuidor,BA,167,"R$ 135,00","R$ 22.545,00","R$ 87,75","R$ 47,25","35,00%",SanisMed,Ganha,,-1
13/01/2025,Cardiolum,Hospital,SP,170,"R$ 112,00","R$ 19.040,00","R$ 72,80","R$ 39,20","35,00%",SanisMed,Ganha,,-1
20/01/2025,Cardiolum,Hospital,SP,209,"R$ 112,00","R$ 23.408,00","R$ 72,80","R$ 39,20","35,00%",NeoQuim,Ganha,,-1
24/01/2025,Cardiolum,Hospital,BA,63,"R$ 112,00","R$ 7.056,00","R$ 72,80","R$ 39,20","35,00%",FarmaLife,Ganha,,-1
23/01/2025,ImmuPro,Distribuidor,RJ,234,"R$ 135,00","R$ 31.590,00","R$ 87,75","R$ 47,25","35,00%",NeoQuim,Ganha,,-1
09/01/2025,Cardiolum,Farmácia,RJ,161,"R$ 112,00","R$ 18.032,00","R$ 72,80","R$ 39,20","35,00%",FarmaLife,Ganha,,-1
23/01/2025,Neurovit-X,Clínica,MG,81,"R$ 95,00","R$ 7.695,00","R$ 61,75","R$ 33,25","35,00%",SanisMed,Ganha,,-1
17/01/2025,Lifexin,Farmácia,RS,68,"R$ 78,00","R$ 5.304,00","R$ 50,70","R$ 27,30","35,00%",NeoQuim,Ganha,,-1
19/01/2025,NexoMax,Clínica,RS,179,"R$ 85,00","R$ 15.215,00","R$ 55,25","R$ 29,75","35,00%",FarmaLife,Ganha,,-1
27/01/2025,NexoMax,Clínica,MG,17,"R$ 85,00","R$ 1.445,00","R$ 55,25","R$ 29,75","35,00%",FarmaLife,Ganha,,-1
28/01/2025,Neurovit-X,Clínica,MG,70,"R$ 95,00","R$ 6.650,00","R$ 61,75","R$ 33,25","35,00%",NeoQuim,Ganha,,-1
20/01/2025,NexoMax,Farmácia,RJ,197,"R$ 85,00","R$ 16.745,00","R$ 55,25","R$ 29,75","35,00%",SanisMed,Ganha,,-1
08/01/2025,Lifexin,Clínica,RJ,39,"R$ 78,00","R$ 3.042,00","R$ 50,70","R$ 27,30","35,00%",SanisMed,Ganha,,-1
02/01/2025,Cardiolum,Distribuidor,SP,266,"R$ 112,00","R$ 29.792,00","R$ 72,80","R$ 39,20","35,00%",SanisMed,Ganha,,-1
31/01/2025,Neurovit-X,Hospital,RJ,253,"R$ 95,00","R$ 24.035,00","R$ 61,75","R$ 33,25","35,00%",FarmaLife,Ganha,,-1
09/01/2025,Lifexin,Clínica,RJ,55,"R$ 78,00","R$ 4.290,00","R$ 50,70","R$ 27,30","35,00%",NeoQuim,Ganha,,-1
13/01/2025,NexoMax,Hospital,MG,295,"R$ 85,00","R$ 25.075,00","R$ 55,25","R$ 29,75","35,00%",NeoQuim,Ganha,,-1
25/01/2025,Cardiolum,Hospital,RJ,171,"R$ 112,00","R$ 19.152,00","R$ 72,80","R$ 39,20","35,00%",FarmaLife,Ganha,,-1
04/01/2025,Neurovit-X,Clínica,BA,273,"R$ 95,00","R$ 25.935,00","R$ 61,75","R$ 33,25","35,00%",SanisMed,Ganha,,-1
23/01/2025,Lifexin,Farmácia,RJ,298,"R$ 78,00","R$ 23.244,00","R$ 50,70","R$ 27,30","35,00%",SanisMed,Ganha,,-1
11/01/2025,Cardiolum,Clínica,RS,236,"R$ 112,00","R$ 26.432,00","R$ 72,80","R$ 39,20","35,00%",SanisMed,Ganha,,-1
07/01/2025,NexoMax,Clínica,RJ,90,"R$ 85,00","R$ 7.650,00","R$ 55,25","R$ 29,75","35,00%",FarmaLife,Ganha,,-1
22/01/2025,Neurovit-X,Clínica,RS,75,"R$ 95,00","R$ 7.125,00","R$ 61,75","R$ 33,25","35,00%",NeoQuim,Ganha,,-1
17/01/2025,NexoMax,Distribuidor,MG,87,"R$ 85,00","R$ 7.395,00","R$ 55,25","R$ 29,75","35,00%",FarmaLife,Ganha,,-1
08/01/2025,NexoMax,Distribuidor,MG,204,"R$ 85,00","R$ 17.340,00","R$ 55,25","R$ 29,75","35,00%",FarmaLife,Ganha,,-1
14/01/2025,NexoMax,Hospital,MG,60,"R$ 85,00","R$ 5.100,00","R$ 55,25","R$ 29,75","35,00%",FarmaLife,Ganha,,-1
29/01/2025,NexoMax,Clínica,SP,284,"R$ 85,00","R$ 24.140,00","R$ 55,25","R$ 29,75","35,00%",SanisMed,Ganha,,-1
28/01/2025,Lifexin,Farmácia,BA,178,"R$ 78,00","R$ 13.884,00","R$ 50,70","R$ 27,30","35,00%",FarmaLife,Ganha,,-1
04/01/2025,NexoMax,Clínica,MG,34,"R$ 85,00","R$ 2.890,00","R$ 55,25","R$ 29,75","35,00%",SanisMed,Ganha,,-1
18/01/2025,Lifexin,Clínica,BA,27,"R$ 78,00","R$ 2.106,00","R$ 50,70","R$ 27,30","35,00%",SanisMed,Ganha,,-1
04/01/2025,NexoMax,Hospital,RJ,148,"R$ 85,00","R$ 12.580,00","R$ 55,25","R$ 29,75","35,00%",NeoQuim,Ganha,,-1
13/01/2025,ImmuPro,Farmácia,RJ,57,"R$ 135,00","R$ 7.695,00","R$ 87,75","R$ 47,25","35,00%",SanisMed,Ganha,,-1
21/01/2025,NexoMax,Clínica,BA,275,"R$ 85,00","R$ 23.375,00","R$ 55,25","R$ 29,75","35,00%",SanisMed,Ganha,,-1
22/01/2025,Lifexin,Distribuidor,RJ,285,"R$ 78,00","R$ 22.230,00","R$ 50,70","R$ 27,30","35,00%",FarmaLife,Ganha,,-1
15/01/2025,Lifexin,Distribuidor,MG,140,"R$ 78,00","R$ 10.920,00","R$ 50,70","R$ 27,30","35,00%",NeoQuim,Ganha,,-1
23/01/2025,Cardiolum,Farmácia,RS,78,"R$ 112,00","R$ 8.736,00","R$ 72,80","R$ 39,20","35,00%",SanisMed,Ganha,,-1
06/01/2025,Lifexin,Distribuidor,RJ,17,"R$ 78,00","R$ 1.326,00","R$ 50,70","R$ 27,30","35,00%",SanisMed,Ganha,,-1
30/01/2025,Lifexin,Distribuidor,RS,130,"R$ 78,00","R$ 10.140,00","R$ 50,70","R$ 27,30","35,00%",NeoQuim,Ganha,,-1
08/01/2025,NexoMax,Clínica,SP,134,"R$ 85,00","R$ 11.390,00","R$ 55,25","R$ 29,75","35,00%",SanisMed,Ganha,,-1
14/01/2025,Cardiolum,Farmácia,MG,75,"R$ 112,00","R$ 8.400,00","R$ 72,80","R$ 39,20","35,00%",SanisMed,Ganha,,-1
26/01/2025,ImmuPro,Hospital,BA,48,"R$ 135,00","R$ 6.480,00","R$ 87,75","R$ 47,25","35,00%",FarmaLife,Ganha,,-1
10/01/2025,Cardiolum,Clínica,RJ,22,"R$ 112,00","R$ 2.464,00","R$ 72,80","R$ 39,20","35,00%",NeoQuim,Ganha,,-1
24/01/2025,Neurovit-X,Farmácia,RJ,300,"R$ 95,00","R$ 28.500,00","R$ 61,75","R$ 33,25","35,00%",FarmaLife,Ganha,,-1
16/01/2025,Cardiolum,Hospital,RS,55,"R$ 112,00","R$ 6.160,00","R$ 72,80","R$ 39,20","35,00%",NeoQuim,Ganha,,-1
20/01/2025,ImmuPro,Distribuidor,MG,124,"R$ 135,00","R$ 16.740,00","R$ 87,75","R$ 47,25","35,00%",SanisMed,Ganha,,-1
15/01/2025,NexoMax,Farmácia,RS,190,"R$ 85,00","R$ 16.150,00","R$ 55,25","R$ 29,75","35,00%",FarmaLife,Ganha,,-1
04/01/2025,Cardiolum,Hospital,SP,179,"R$ 112,00","R$ 20.048,00","R$ 72,80","R$ 39,20","35,00%",SanisMed,Ganha,,-1
06/01/2025,NexoMax,Distribuidor,SP,256,"R$ 85,00","R$ 21.760,00","R$ 55,25","R$ 29,75","35,00%",SanisMed,Ganha,,-1
02/01/2025,Cardiolum,Clínica,SP,127,"R$ 112,00","R$ 14.224,00","R$ 72,80","R$ 39,20","35,00%",SanisMed,Ganha,,-1
25/01/2025,Cardiolum,Distribuidor,SP,177,"R$ 112,00","R$ 19.824,00","R$ 72,80","R$ 39,20","35,00%",FarmaLife,Ganha,,-1
15/01/2025,NexoMax,Hospital,RJ,31,"R$ 85,00","R$ 2.635,00","R$ 55,25","R$ 29,75","35,00%",NeoQuim,Ganha,,-1
05/01/2025,ImmuPro,Clínica,MG,97,"R$ 135,00","R$ 13.095,00","R$ 87,75","R$ 47,25","35,00%",SanisMed,Ganha,,-1
10/01/2025,NexoMax,Farmácia,RJ,112,"R$ 85,00","R$ 9.520,00","R$ 55,25","R$ 29,75","35,00%",NeoQuim,Ganha,,-1
06/01/2025,Neurovit-X,Distribuidor,RS,178,"R$ 95,00","R$ 16.910,00","R$ 61,75","R$ 33,25","35,00%",NeoQuim,Ganha,,-1
30/01/2025,ImmuPro,Distribuidor,RJ,137,"R$ 135,00","R$ 18.495,00","R$ 87,75","R$ 47,25","35,00%",FarmaLife,Ganha,,-1
02/01/2025,ImmuPro,Clínica,RS,118,"R$ 135,00","R$ 15.930,00","R$ 87,75","R$ 47,25","35,00%",NeoQuim,Ganha,,-1
30/01/2025,NexoMax,Farmácia,RS,36,"R$ 85,00","R$ 3.060,00","R$ 55,25","R$ 29,75","35,00%",FarmaLife,Ganha,,-1
21/01/2025,Lifexin,Farmácia,SP,254,"R$ 78,00","R$ 19.812,00","R$ 50,70","R$ 27,30","35,00%",FarmaLife,Ganha,,-1
01/01/2025,NexoMax,Distribuidor,SP,117,"R$ 85,00","R$ 9.945,00","R$ 55,25","R$ 29,75","35,00%",SanisMed,Ganha,,-1
13/01/2025,Lifexin,Clínica,RS,34,"R$ 78,00","R$ 2.652,00","R$ 50,70","R$ 27,30","35,00%",NeoQuim,Ganha,,-1
04/01/2025,Lifexin,Farmácia,MG,83,"R$ 78,00","R$ 6.474,00","R$ 50,70","R$ 27,30","35,00%",SanisMed,Ganha,,-1
25/01/2025,Cardiolum,Clínica,MG,32,"R$ 112,00","R$ 3.584,00","R$ 72,80","R$ 39,20","35,00%",FarmaLife,Ganha,,-1
11/01/2025,NexoMax,Clínica,SP,263,"R$ 85,00","R$ 22.355,00","R$ 55,25","R$ 29,75","35,00%",FarmaLife,Ganha,,-1
07/01/2025,Lifexin,Hospital,SP,178,"R$ 78,00","R$ 13.884,00","R$ 50,70","R$ 27,30","35,00%",SanisMed,Ganha,,-1
19/01/2025,Lifexin,Hospital,MG,280,"R$ 78,00","R$ 21.840,00","R$ 50,70","R$ 27,30","35,00%",NeoQuim,Ganha,,-1
26/01/2025,Cardiolum,Distribuidor,SP,0,"R$ 112,00","R$ 0,00","R$ 72,80","R$ 39,20","35,00%",FarmaLife,Perdida,Prazo,-1
27/01/2025,NexoMax,Clínica,SP,215,"R$ 85,00","R$ 18.275,00","R$ 55,25","R$ 29,75","35,00%",NeoQuim,Ganha,,-1
02/01/2025,Cardiolum,Hospital,BA,81,"R$ 112,00","R$ 9.072,00","R$ 72,80","R$ 39,20","35,00%",SanisMed,Ganha,,-1
13/01/2025,Cardiolum,Distribuidor,RJ,75,"R$ 112,00","R$ 8.400,00","R$ 72,80","R$ 39,20","35,00%",NeoQuim,Ganha,,-1
06/01/2025,Lifexin,Distribuidor,RS,126,"R$ 78,00","R$ 9.828,00","R$ 50,70","R$ 27,30","35,00%",FarmaLife,Ganha,,-1
01/01/2025,Neurovit-X,Clínica,RJ,160,"R$ 95,00","R$ 15.200,00","R$ 61,75","R$ 33,25","35,00%",SanisMed,Ganha,,-1
11/01/2025,Neurovit-X,Distribuidor,RJ,135,"R$ 95,00","R$ 12.825,00","R$ 61,75","R$ 33,25","35,00%",FarmaLife,Ganha,,-1
26/01/2025,ImmuPro,Distribuidor,SP,136,"R$ 135,00","R$ 18.360,00","R$ 87,75","R$ 47,25","35,00%",SanisMed,Ganha,,-1

11/01/2025,NexoMax,Hospital,BA,15,"R$ 85,00","R$ 1.275,00","R$ 55,25","R$ 29,75","35,00%",NeoQuim,Ganha,,-1
